item,score,from_itemknn,from_narrative,from_pop,penalty,primary_class,row_id,field
alert,0.7999999999999999,0.7,0.0,0.1,0.0,fighter,0,feats
skilled,0.7727272727272727,0.7,0.0,0.07272727272727274,0.0,fighter,0,feats
observant,0.7363636363636363,0.7,0.0,0.03636363636363637,0.0,fighter,0,feats
martial_adept,0.7272727272727272,0.7,0.0,0.02727272727272727,0.0,fighter,0,feats
mounted_combatant,0.7181818181818181,0.7,0.0,0.018181818181818184,0.0,fighter,0,feats
dagger,1.1,1.0,0.0,0.1,0.0,fighter,0,weapons
rapier,1.0241379310344827,1.0,0.0,0.024137931034482762,0.0,fighter,0,weapons
dagger_of_venom,1.013793103448276,1.0,0.0,0.013793103448275862,0.0,fighter,0,weapons
warhammer,1.013793103448276,1.0,0.0,0.013793103448275862,0.0,fighter,0,weapons
dragon_slayer,1.0103448275862068,1.0,0.0,0.010344827586206896,0.0,fighter,0,weapons
studded_leather,1.1,1.0,0.0,0.1,0.0,fighter,0,armor
plate_armor,1.0636363636363637,1.0,0.0,0.06363636363636364,0.0,fighter,0,armor
mage_armor,1.0545454545454545,1.0,0.0,0.05454545454545454,0.0,fighter,0,armor
half_plate,1.0454545454545454,1.0,0.0,0.045454545454545456,0.0,fighter,0,armor
leather_armor,1.0454545454545454,1.0,0.0,0.045454545454545456,0.0,fighter,0,armor
sharpshooter,0.7545454545454545,0.7,0.0,0.05454545454545454,0.0,fighter,1,feats
great_weapon_master,0.7545454545454545,0.7,0.0,0.05454545454545454,0.0,fighter,1,feats
war_caster,0.7454545454545454,0.7,0.0,0.045454545454545456,0.0,fighter,1,feats
mage_slayer,0.7363636363636363,0.7,0.0,0.03636363636363637,0.0,fighter,1,feats
observant,0.7363636363636363,0.7,0.0,0.03636363636363637,0.0,fighter,1,feats
dagger,1.1,1.0,0.0,0.1,0.0,fighter,1,weapons
sling,1.0172413793103448,1.0,0.0,0.01724137931034483,0.0,fighter,1,weapons
greataxe,1.013793103448276,1.0,0.0,0.013793103448275862,0.0,fighter,1,weapons
dragon_slayer,1.0103448275862068,1.0,0.0,0.010344827586206896,0.0,fighter,1,weapons
sun_blade,1.0103448275862068,1.0,0.0,0.010344827586206896,0.0,fighter,1,weapons
studded_leather,1.1,1.0,0.0,0.1,0.0,fighter,1,armor
mage_armor,1.0545454545454545,1.0,0.0,0.05454545454545454,0.0,fighter,1,armor
half_plate,1.0454545454545454,1.0,0.0,0.045454545454545456,0.0,fighter,1,armor
leather_armor,1.0454545454545454,1.0,0.0,0.045454545454545456,0.0,fighter,1,armor
hide_armor,1.0363636363636364,1.0,0.0,0.03636363636363637,0.0,fighter,1,armor
sharpshooter,0.7545454545454545,0.7,0.0,0.05454545454545454,0.0,fighter,2,feats
great_weapon_master,0.7545454545454545,0.7,0.0,0.05454545454545454,0.0,fighter,2,feats
war_caster,0.7454545454545454,0.7,0.0,0.045454545454545456,0.0,fighter,2,feats
mage_slayer,0.7363636363636363,0.7,0.0,0.03636363636363637,0.0,fighter,2,feats
observant,0.7363636363636363,0.7,0.0,0.03636363636363637,0.0,fighter,2,feats
dagger,1.1,1.0,0.0,0.1,0.0,fighter,2,weapons
sling,1.0172413793103448,1.0,0.0,0.01724137931034483,0.0,fighter,2,weapons
greataxe,1.013793103448276,1.0,0.0,0.013793103448275862,0.0,fighter,2,weapons
dragon_slayer,1.0103448275862068,1.0,0.0,0.010344827586206896,0.0,fighter,2,weapons
sun_blade,1.0103448275862068,1.0,0.0,0.010344827586206896,0.0,fighter,2,weapons
studded_leather,1.1,1.0,0.0,0.1,0.0,fighter,2,armor
mage_armor,1.0545454545454545,1.0,0.0,0.05454545454545454,0.0,fighter,2,armor
half_plate,1.0454545454545454,1.0,0.0,0.045454545454545456,0.0,fighter,2,armor
leather_armor,1.0454545454545454,1.0,0.0,0.045454545454545456,0.0,fighter,2,armor
hide_armor,1.0363636363636364,1.0,0.0,0.03636363636363637,0.0,fighter,2,armor
alert,0.7999999999999999,0.7,0.0,0.1,0.0,fighter,3,feats
athlete,0.7454545454545454,0.7,0.0,0.045454545454545456,0.0,fighter,3,feats
observant,0.7363636363636363,0.7,0.0,0.03636363636363637,0.0,fighter,3,feats
durable,0.7272727272727272,0.7,0.0,0.02727272727272727,0.0,fighter,3,feats
dual_wielder,0.7181818181818181,0.7,0.0,0.018181818181818184,0.0,fighter,3,feats
handaxe,1.0344827586206897,1.0,0.0,0.03448275862068966,0.0,fighter,3,weapons
javelin,1.0275862068965518,1.0,0.0,0.027586206896551724,0.0,fighter,3,weapons
longbow,1.0275862068965518,1.0,0.0,0.027586206896551724,0.0,fighter,3,weapons
rapier,1.0241379310344827,1.0,0.0,0.024137931034482762,0.0,fighter,3,weapons
longsword,1.0241379310344827,1.0,0.0,0.024137931034482762,0.0,fighter,3,weapons
studded_leather,0.1,0.0,0.0,0.1,0.0,fighter,3,armor
plate_armor,0.06363636363636364,0.0,0.0,0.06363636363636364,0.0,fighter,3,armor
mage_armor,0.05454545454545454,0.0,0.0,0.05454545454545454,0.0,fighter,3,armor
half_plate,0.045454545454545456,0.0,0.0,0.045454545454545456,0.0,fighter,3,armor
leather_armor,0.045454545454545456,0.0,0.0,0.045454545454545456,0.0,fighter,3,armor
alert,0.7999999999999999,0.7,0.0,0.1,0.0,rogue,4,feats
healer,0.7636363636363636,0.7,0.0,0.06363636363636364,0.0,rogue,4,feats
great_weapon_master,0.7545454545454545,0.7,0.0,0.05454545454545454,0.0,rogue,4,feats
athlete,0.7454545454545454,0.7,0.0,0.045454545454545456,0.0,rogue,4,feats
martial_adept,0.7272727272727272,0.7,0.0,0.02727272727272727,0.0,rogue,4,feats
dagger,1.1,1.0,0.0,0.1,0.0,rogue,4,weapons
rapier,1.0241379310344827,1.0,0.0,0.024137931034482762,0.0,rogue,4,weapons
crossbow_light,1.0172413793103448,1.0,0.0,0.01724137931034483,0.0,rogue,4,weapons
vorpal_sword,1.0034482758620689,1.0,0.0,0.0034482758620689655,0.0,rogue,4,weapons
scimitar_of_speed,1.0034482758620689,1.0,0.0,0.0034482758620689655,0.0,rogue,4,weapons
studded_leather,1.1,1.0,0.0,0.1,0.0,rogue,4,armor
mage_armor,1.0545454545454545,1.0,0.0,0.05454545454545454,0.0,rogue,4,armor
leather_armor,1.0454545454545454,1.0,0.0,0.045454545454545456,0.0,rogue,4,armor
hide_armor,1.0363636363636364,1.0,0.0,0.03636363636363637,0.0,rogue,4,armor
scale_mail,1.0363636363636364,1.0,0.0,0.03636363636363637,0.0,rogue,4,armor
alert,0.7999999999999999,0.7,0.0,0.1,0.0,fighter,5,feats
healer,0.7636363636363636,0.7,0.0,0.06363636363636364,0.0,fighter,5,feats
great_weapon_master,0.7545454545454545,0.7,0.0,0.05454545454545454,0.0,fighter,5,feats
mage_slayer,0.7363636363636363,0.7,0.0,0.03636363636363637,0.0,fighter,5,feats
observant,0.7363636363636363,0.7,0.0,0.03636363636363637,0.0,fighter,5,feats
handaxe,1.0344827586206897,1.0,0.0,0.03448275862068966,0.0,fighter,5,weapons
javelin,1.0275862068965518,1.0,0.0,0.027586206896551724,0.0,fighter,5,weapons
longbow,1.0275862068965518,1.0,0.0,0.027586206896551724,0.0,fighter,5,weapons
rapier,1.0241379310344827,1.0,0.0,0.024137931034482762,0.0,fighter,5,weapons
longsword,1.0241379310344827,1.0,0.0,0.024137931034482762,0.0,fighter,5,weapons
studded_leather,1.1,1.0,0.0,0.1,0.0,fighter,5,armor
plate_armor,1.0636363636363637,1.0,0.0,0.06363636363636364,0.0,fighter,5,armor
mage_armor,1.0545454545454545,1.0,0.0,0.05454545454545454,0.0,fighter,5,armor
half_plate,1.0454545454545454,1.0,0.0,0.045454545454545456,0.0,fighter,5,armor
leather_armor,1.0454545454545454,1.0,0.0,0.045454545454545456,0.0,fighter,5,armor
skilled,0.7727272727272727,0.7,0.0,0.07272727272727274,0.0,fighter,6,feats
savage_attacker,0.7636363636363636,0.7,0.0,0.06363636363636364,0.0,fighter,6,feats
sharpshooter,0.7545454545454545,0.7,0.0,0.05454545454545454,0.0,fighter,6,feats
war_caster,0.7454545454545454,0.7,0.0,0.045454545454545456,0.0,fighter,6,feats
mage_slayer,0.7363636363636363,0.7,0.0,0.03636363636363637,0.0,fighter,6,feats
handaxe,1.0344827586206897,1.0,0.0,0.03448275862068966,0.0,fighter,6,weapons
javelin,1.0275862068965518,1.0,0.0,0.027586206896551724,0.0,fighter,6,weapons
longbow,1.0275862068965518,1.0,0.0,0.027586206896551724,0.0,fighter,6,weapons
longsword,1.0241379310344827,1.0,0.0,0.024137931034482762,0.0,fighter,6,weapons
dart,1.0172413793103448,1.0,0.0,0.01724137931034483,0.0,fighter,6,weapons
studded_leather,1.1,1.0,0.0,0.1,0.0,fighter,6,armor
plate_armor,1.0636363636363637,1.0,0.0,0.06363636363636364,0.0,fighter,6,armor
mage_armor,1.0545454545454545,1.0,0.0,0.05454545454545454,0.0,fighter,6,armor
half_plate,1.0454545454545454,1.0,0.0,0.045454545454545456,0.0,fighter,6,armor
hide_armor,1.0363636363636364,1.0,0.0,0.03636363636363637,0.0,fighter,6,armor
alert,0.1,0.0,0.0,0.1,0.0,fighter,7,feats
skilled,0.07272727272727274,0.0,0.0,0.07272727272727274,0.0,fighter,7,feats
healer,0.06363636363636364,0.0,0.0,0.06363636363636364,0.0,fighter,7,feats
savage_attacker,0.06363636363636364,0.0,0.0,0.06363636363636364,0.0,fighter,7,feats
great_weapon_master,0.05454545454545454,0.0,0.0,0.05454545454545454,0.0,fighter,7,feats
handaxe,1.0344827586206897,1.0,0.0,0.03448275862068966,0.0,fighter,7,weapons
javelin,1.0275862068965518,1.0,0.0,0.027586206896551724,0.0,fighter,7,weapons
longbow,1.0275862068965518,1.0,0.0,0.027586206896551724,0.0,fighter,7,weapons
rapier,1.0241379310344827,1.0,0.0,0.024137931034482762,0.0,fighter,7,weapons
longsword,1.0241379310344827,1.0,0.0,0.024137931034482762,0.0,fighter,7,weapons
studded_leather,1.1,1.0,0.0,0.1,0.0,fighter,7,armor
plate_armor,1.0636363636363637,1.0,0.0,0.06363636363636364,0.0,fighter,7,armor
mage_armor,1.0545454545454545,1.0,0.0,0.05454545454545454,0.0,fighter,7,armor
half_plate,1.0454545454545454,1.0,0.0,0.045454545454545456,0.0,fighter,7,armor
leather_armor,1.0454545454545454,1.0,0.0,0.045454545454545456,0.0,fighter,7,armor
alert,0.1,0.0,0.0,0.1,0.0,fighter,8,feats
skilled,0.07272727272727274,0.0,0.0,0.07272727272727274,0.0,fighter,8,feats
healer,0.06363636363636364,0.0,0.0,0.06363636363636364,0.0,fighter,8,feats
savage_attacker,0.06363636363636364,0.0,0.0,0.06363636363636364,0.0,fighter,8,feats
great_weapon_master,0.05454545454545454,0.0,0.0,0.05454545454545454,0.0,fighter,8,feats
handaxe,1.0344827586206897,1.0,0.0,0.03448275862068966,0.0,fighter,8,weapons
javelin,1.0275862068965518,1.0,0.0,0.027586206896551724,0.0,fighter,8,weapons
shortsword,1.0275862068965518,1.0,0.0,0.027586206896551724,0.0,fighter,8,weapons
longbow,1.0275862068965518,1.0,0.0,0.027586206896551724,0.0,fighter,8,weapons
rapier,1.0241379310344827,1.0,0.0,0.024137931034482762,0.0,fighter,8,weapons
studded_leather,0.1,0.0,0.0,0.1,0.0,fighter,8,armor
plate_armor,0.06363636363636364,0.0,0.0,0.06363636363636364,0.0,fighter,8,armor
mage_armor,0.05454545454545454,0.0,0.0,0.05454545454545454,0.0,fighter,8,armor
half_plate,0.045454545454545456,0.0,0.0,0.045454545454545456,0.0,fighter,8,armor
leather_armor,0.045454545454545456,0.0,0.0,0.045454545454545456,0.0,fighter,8,armor
alert,0.1,0.0,0.0,0.1,0.0,fighter,9,feats
skilled,0.07272727272727274,0.0,0.0,0.07272727272727274,0.0,fighter,9,feats
healer,0.06363636363636364,0.0,0.0,0.06363636363636364,0.0,fighter,9,feats
savage_attacker,0.06363636363636364,0.0,0.0,0.06363636363636364,0.0,fighter,9,feats
great_weapon_master,0.05454545454545454,0.0,0.0,0.05454545454545454,0.0,fighter,9,feats
handaxe,1.0344827586206897,1.0,0.0,0.03448275862068966,0.0,fighter,9,weapons
javelin,1.0275862068965518,1.0,0.0,0.027586206896551724,0.0,fighter,9,weapons
longbow,1.0275862068965518,1.0,0.0,0.027586206896551724,0.0,fighter,9,weapons
rapier,1.0241379310344827,1.0,0.0,0.024137931034482762,0.0,fighter,9,weapons
longsword,1.0241379310344827,1.0,0.0,0.024137931034482762,0.0,fighter,9,weapons
studded_leather,0.1,0.0,0.0,0.1,0.0,fighter,9,armor
plate_armor,0.06363636363636364,0.0,0.0,0.06363636363636364,0.0,fighter,9,armor
mage_armor,0.05454545454545454,0.0,0.0,0.05454545454545454,0.0,fighter,9,armor
half_plate,0.045454545454545456,0.0,0.0,0.045454545454545456,0.0,fighter,9,armor
leather_armor,0.045454545454545456,0.0,0.0,0.045454545454545456,0.0,fighter,9,armor
alert,0.1,0.0,0.0,0.1,0.0,druid,10,feats
skilled,0.07272727272727274,0.0,0.0,0.07272727272727274,0.0,druid,10,feats
healer,0.06363636363636364,0.0,0.0,0.06363636363636364,0.0,druid,10,feats
savage_attacker,0.06363636363636364,0.0,0.0,0.06363636363636364,0.0,druid,10,feats
great_weapon_master,0.05454545454545454,0.0,0.0,0.05454545454545454,0.0,druid,10,feats
dagger,1.1,1.0,0.0,0.1,0.0,druid,10,weapons
longbow,1.0275862068965518,1.0,0.0,0.027586206896551724,0.0,druid,10,weapons
sling,1.0172413793103448,1.0,0.0,0.01724137931034483,0.0,druid,10,weapons
greataxe,1.013793103448276,1.0,0.0,0.013793103448275862,0.0,druid,10,weapons
light_hammer,1.0103448275862068,1.0,0.0,0.010344827586206896,0.0,druid,10,weapons
studded_leather,0.1,0.0,0.0,0.1,0.0,druid,10,armor
mage_armor,0.05454545454545454,0.0,0.0,0.05454545454545454,0.0,druid,10,armor
leather_armor,0.045454545454545456,0.0,0.0,0.045454545454545456,0.0,druid,10,armor
scale_mail,0.03636363636363637,0.0,0.0,0.03636363636363637,0.0,druid,10,armor
hide_armor,0.03636363636363637,0.0,0.0,0.03636363636363637,0.0,druid,10,armor
healer,0.7636363636363636,0.7,0.0,0.06363636363636364,0.0,cleric,11,feats
sharpshooter,0.7545454545454545,0.7,0.0,0.05454545454545454,0.0,cleric,11,feats
great_weapon_master,0.7545454545454545,0.7,0.0,0.05454545454545454,0.0,cleric,11,feats
athlete,0.7454545454545454,0.7,0.0,0.045454545454545456,0.0,cleric,11,feats
war_caster,0.7454545454545454,0.7,0.0,0.045454545454545456,0.0,cleric,11,feats
javelin,1.0275862068965518,1.0,0.0,0.027586206896551724,0.0,cleric,11,weapons
longbow,1.0275862068965518,1.0,0.0,0.027586206896551724,0.0,cleric,11,weapons
rapier,1.0241379310344827,1.0,0.0,0.024137931034482762,0.0,cleric,11,weapons
longsword,1.0241379310344827,1.0,0.0,0.024137931034482762,0.0,cleric,11,weapons
scimitar,1.0172413793103448,1.0,0.0,0.01724137931034483,0.0,cleric,11,weapons
studded_leather,0.1,0.0,0.0,0.1,0.0,cleric,11,armor
mage_armor,0.05454545454545454,0.0,0.0,0.05454545454545454,0.0,cleric,11,armor
leather_armor,0.045454545454545456,0.0,0.0,0.045454545454545456,0.0,cleric,11,armor
scale_mail,0.03636363636363637,0.0,0.0,0.03636363636363637,0.0,cleric,11,armor
hide_armor,0.03636363636363637,0.0,0.0,0.03636363636363637,0.0,cleric,11,armor
healer,0.7636363636363636,0.7,0.0,0.06363636363636364,0.0,cleric,12,feats
sharpshooter,0.7545454545454545,0.7,0.0,0.05454545454545454,0.0,cleric,12,feats
great_weapon_master,0.7545454545454545,0.7,0.0,0.05454545454545454,0.0,cleric,12,feats
athlete,0.7454545454545454,0.7,0.0,0.045454545454545456,0.0,cleric,12,feats
war_caster,0.7454545454545454,0.7,0.0,0.045454545454545456,0.0,cleric,12,feats
javelin,1.0275862068965518,1.0,0.0,0.027586206896551724,0.0,cleric,12,weapons
longbow,1.0275862068965518,1.0,0.0,0.027586206896551724,0.0,cleric,12,weapons
rapier,1.0241379310344827,1.0,0.0,0.024137931034482762,0.0,cleric,12,weapons
longsword,1.0241379310344827,1.0,0.0,0.024137931034482762,0.0,cleric,12,weapons
scimitar,1.0172413793103448,1.0,0.0,0.01724137931034483,0.0,cleric,12,weapons
studded_leather,0.1,0.0,0.0,0.1,0.0,cleric,12,armor
mage_armor,0.05454545454545454,0.0,0.0,0.05454545454545454,0.0,cleric,12,armor
leather_armor,0.045454545454545456,0.0,0.0,0.045454545454545456,0.0,cleric,12,armor
scale_mail,0.03636363636363637,0.0,0.0,0.03636363636363637,0.0,cleric,12,armor
hide_armor,0.03636363636363637,0.0,0.0,0.03636363636363637,0.0,cleric,12,armor
skilled,0.7727272727272727,0.7,0.0,0.07272727272727274,0.0,monk,13,feats
savage_attacker,0.7636363636363636,0.7,0.0,0.06363636363636364,0.0,monk,13,feats
sharpshooter,0.7545454545454545,0.7,0.0,0.05454545454545454,0.0,monk,13,feats
war_caster,0.7454545454545454,0.7,0.0,0.045454545454545456,0.0,monk,13,feats
observant,0.7363636363636363,0.7,0.0,0.03636363636363637,0.0,monk,13,feats
dagger,1.1,1.0,0.0,0.1,0.0,monk,13,weapons
longsword,1.0241379310344827,1.0,0.0,0.024137931034482762,0.0,monk,13,weapons
sling,1.0172413793103448,1.0,0.0,0.01724137931034483,0.0,monk,13,weapons
warhammer,1.013793103448276,1.0,0.0,0.013793103448275862,0.0,monk,13,weapons
greataxe,1.013793103448276,1.0,0.0,0.013793103448275862,0.0,monk,13,weapons
studded_leather,1.1,1.0,0.0,0.1,0.0,monk,13,armor
mage_armor,1.0545454545454545,1.0,0.0,0.05454545454545454,0.0,monk,13,armor
leather_armor,1.0454545454545454,1.0,0.0,0.045454545454545456,0.0,monk,13,armor
hide_armor,1.0363636363636364,1.0,0.0,0.03636363636363637,0.0,monk,13,armor
scale_mail,1.0363636363636364,1.0,0.0,0.03636363636363637,0.0,monk,13,armor
alert,0.1,0.0,0.0,0.1,0.0,fighter,14,feats
skilled,0.07272727272727274,0.0,0.0,0.07272727272727274,0.0,fighter,14,feats
healer,0.06363636363636364,0.0,0.0,0.06363636363636364,0.0,fighter,14,feats
savage_attacker,0.06363636363636364,0.0,0.0,0.06363636363636364,0.0,fighter,14,feats
great_weapon_master,0.05454545454545454,0.0,0.0,0.05454545454545454,0.0,fighter,14,feats
light_crossbow,1.0206896551724138,1.0,0.0,0.020689655172413793,0.0,fighter,14,weapons
dagger,0.1,0.0,0.0,0.1,0.0,fighter,14,weapons
handaxe,0.03448275862068966,0.0,0.0,0.03448275862068966,0.0,fighter,14,weapons
longbow,0.027586206896551724,0.0,0.0,0.027586206896551724,0.0,fighter,14,weapons
javelin,0.027586206896551724,0.0,0.0,0.027586206896551724,0.0,fighter,14,weapons
studded_leather,1.1,1.0,0.0,0.1,0.0,fighter,14,armor
plate_armor,1.0636363636363637,1.0,0.0,0.06363636363636364,0.0,fighter,14,armor
mage_armor,1.0545454545454545,1.0,0.0,0.05454545454545454,0.0,fighter,14,armor
half_plate,1.0454545454545454,1.0,0.0,0.045454545454545456,0.0,fighter,14,armor
hide_armor,1.0363636363636364,1.0,0.0,0.03636363636363637,0.0,fighter,14,armor
alert,0.1,0.0,0.0,0.1,0.0,fighter,15,feats
skilled,0.07272727272727274,0.0,0.0,0.07272727272727274,0.0,fighter,15,feats
healer,0.06363636363636364,0.0,0.0,0.06363636363636364,0.0,fighter,15,feats
savage_attacker,0.06363636363636364,0.0,0.0,0.06363636363636364,0.0,fighter,15,feats
great_weapon_master,0.05454545454545454,0.0,0.0,0.05454545454545454,0.0,fighter,15,feats
light_crossbow,1.0206896551724138,1.0,0.0,0.020689655172413793,0.0,fighter,15,weapons
dagger,0.1,0.0,0.0,0.1,0.0,fighter,15,weapons
handaxe,0.03448275862068966,0.0,0.0,0.03448275862068966,0.0,fighter,15,weapons
longbow,0.027586206896551724,0.0,0.0,0.027586206896551724,0.0,fighter,15,weapons
javelin,0.027586206896551724,0.0,0.0,0.027586206896551724,0.0,fighter,15,weapons
studded_leather,1.1,1.0,0.0,0.1,0.0,fighter,15,armor
plate_armor,1.0636363636363637,1.0,0.0,0.06363636363636364,0.0,fighter,15,armor
mage_armor,1.0545454545454545,1.0,0.0,0.05454545454545454,0.0,fighter,15,armor
half_plate,1.0454545454545454,1.0,0.0,0.045454545454545456,0.0,fighter,15,armor
hide_armor,1.0363636363636364,1.0,0.0,0.03636363636363637,0.0,fighter,15,armor
alert,0.1,0.0,0.0,0.1,0.0,paladin,16,feats
skilled,0.07272727272727274,0.0,0.0,0.07272727272727274,0.0,paladin,16,feats
healer,0.06363636363636364,0.0,0.0,0.06363636363636364,0.0,paladin,16,feats
savage_attacker,0.06363636363636364,0.0,0.0,0.06363636363636364,0.0,paladin,16,feats
great_weapon_master,0.05454545454545454,0.0,0.0,0.05454545454545454,0.0,paladin,16,feats
handaxe,1.0344827586206897,1.0,0.0,0.03448275862068966,0.0,paladin,16,weapons
longbow,1.0275862068965518,1.0,0.0,0.027586206896551724,0.0,paladin,16,weapons
rapier,1.0241379310344827,1.0,0.0,0.024137931034482762,0.0,paladin,16,weapons
longsword,1.0241379310344827,1.0,0.0,0.024137931034482762,0.0,paladin,16,weapons
light_crossbow,1.0206896551724138,1.0,0.0,0.020689655172413793,0.0,paladin,16,weapons
studded_leather,1.1,1.0,0.0,0.1,0.0,paladin,16,armor
plate_armor,1.0636363636363637,1.0,0.0,0.06363636363636364,0.0,paladin,16,armor
mage_armor,1.0545454545454545,1.0,0.0,0.05454545454545454,0.0,paladin,16,armor
half_plate,1.0454545454545454,1.0,0.0,0.045454545454545456,0.0,paladin,16,armor
leather_armor,1.0454545454545454,1.0,0.0,0.045454545454545456,0.0,paladin,16,armor
alert,0.1,0.0,0.0,0.1,0.0,warlock,17,feats
skilled,0.07272727272727274,0.0,0.0,0.07272727272727274,0.0,warlock,17,feats
healer,0.06363636363636364,0.0,0.0,0.06363636363636364,0.0,warlock,17,feats
savage_attacker,0.06363636363636364,0.0,0.0,0.06363636363636364,0.0,warlock,17,feats
great_weapon_master,0.05454545454545454,0.0,0.0,0.05454545454545454,0.0,warlock,17,feats
handaxe,1.0344827586206897,1.0,0.0,0.03448275862068966,0.0,warlock,17,weapons
longbow,1.0275862068965518,1.0,0.0,0.027586206896551724,0.0,warlock,17,weapons
javelin,1.0275862068965518,1.0,0.0,0.027586206896551724,0.0,warlock,17,weapons
rapier,1.0241379310344827,1.0,0.0,0.024137931034482762,0.0,warlock,17,weapons
longsword,1.0241379310344827,1.0,0.0,0.024137931034482762,0.0,warlock,17,weapons
studded_leather,1.1,1.0,0.0,0.1,0.0,warlock,17,armor
mage_armor,1.0545454545454545,1.0,0.0,0.05454545454545454,0.0,warlock,17,armor
hide_armor,1.0363636363636364,1.0,0.0,0.03636363636363637,0.0,warlock,17,armor
scale_mail,1.0363636363636364,1.0,0.0,0.03636363636363637,0.0,warlock,17,armor
breastplate,1.0363636363636364,1.0,0.0,0.03636363636363637,0.0,warlock,17,armor
polearm_master,0.709090909090909,0.7,0.0,0.009090909090909092,0.0,paladin,18,feats
alert,0.1,0.0,0.0,0.1,0.0,paladin,18,feats
skilled,0.07272727272727274,0.0,0.0,0.07272727272727274,0.0,paladin,18,feats
healer,0.06363636363636364,0.0,0.0,0.06363636363636364,0.0,paladin,18,feats
savage_attacker,0.06363636363636364,0.0,0.0,0.06363636363636364,0.0,paladin,18,feats
dagger,1.1,1.0,0.0,0.1,0.0,paladin,18,weapons
longsword,1.0241379310344827,1.0,0.0,0.024137931034482762,0.0,paladin,18,weapons
warhammer,1.013793103448276,1.0,0.0,0.013793103448275862,0.0,paladin,18,weapons
handaxe,0.03448275862068966,0.0,0.0,0.03448275862068966,0.0,paladin,18,weapons
longbow,0.027586206896551724,0.0,0.0,0.027586206896551724,0.0,paladin,18,weapons
studded_leather,1.1,1.0,0.0,0.1,0.0,paladin,18,armor
mage_armor,1.0545454545454545,1.0,0.0,0.05454545454545454,0.0,paladin,18,armor
half_plate,1.0454545454545454,1.0,0.0,0.045454545454545456,0.0,paladin,18,armor
leather_armor,1.0454545454545454,1.0,0.0,0.045454545454545456,0.0,paladin,18,armor
hide_armor,1.0363636363636364,1.0,0.0,0.03636363636363637,0.0,paladin,18,armor
skilled,0.7727272727272727,0.7,0.0,0.07272727272727274,0.0,fighter,19,feats
savage_attacker,0.7636363636363636,0.7,0.0,0.06363636363636364,0.0,fighter,19,feats
athlete,0.7454545454545454,0.7,0.0,0.045454545454545456,0.0,fighter,19,feats
war_caster,0.7454545454545454,0.7,0.0,0.045454545454545456,0.0,fighter,19,feats
observant,0.7363636363636363,0.7,0.0,0.03636363636363637,0.0,fighter,19,feats
dagger,1.1,1.0,0.0,0.1,0.0,fighter,19,weapons
dart,1.0172413793103448,1.0,0.0,0.01724137931034483,0.0,fighter,19,weapons
scimitar,1.0172413793103448,1.0,0.0,0.01724137931034483,0.0,fighter,19,weapons
unarmed_strike,1.0103448275862068,1.0,0.0,0.010344827586206896,0.0,fighter,19,weapons
shortbow,1.0103448275862068,1.0,0.0,0.010344827586206896,0.0,fighter,19,weapons
studded_leather,1.1,1.0,0.0,0.1,0.0,fighter,19,armor
plate_armor,1.0636363636363637,1.0,0.0,0.06363636363636364,0.0,fighter,19,armor
mage_armor,1.0545454545454545,1.0,0.0,0.05454545454545454,0.0,fighter,19,armor
leather_armor,1.0454545454545454,1.0,0.0,0.045454545454545456,0.0,fighter,19,armor
hide_armor,1.0363636363636364,1.0,0.0,0.03636363636363637,0.0,fighter,19,armor
savage_attacker,0.7636363636363636,0.7,0.0,0.06363636363636364,0.0,barbarian,20,feats
healer,0.7636363636363636,0.7,0.0,0.06363636363636364,0.0,barbarian,20,feats
mage_slayer,0.7363636363636363,0.7,0.0,0.03636363636363637,0.0,barbarian,20,feats
keen_mind,0.709090909090909,0.7,0.0,0.009090909090909092,0.0,barbarian,20,feats
alert,0.1,0.0,0.0,0.1,0.0,barbarian,20,feats
dagger,1.1,1.0,0.0,0.1,0.0,barbarian,20,weapons
sling,1.0172413793103448,1.0,0.0,0.01724137931034483,0.0,barbarian,20,weapons
light_hammer,1.0103448275862068,1.0,0.0,0.010344827586206896,0.0,barbarian,20,weapons
glaive,1.006896551724138,1.0,0.0,0.006896551724137931,0.0,barbarian,20,weapons
greatsword,1.006896551724138,1.0,0.0,0.006896551724137931,0.0,barbarian,20,weapons
studded_leather,0.1,0.0,0.0,0.1,0.0,barbarian,20,armor
mage_armor,0.05454545454545454,0.0,0.0,0.05454545454545454,0.0,barbarian,20,armor
leather_armor,0.045454545454545456,0.0,0.0,0.045454545454545456,0.0,barbarian,20,armor
scale_mail,0.03636363636363637,0.0,0.0,0.03636363636363637,0.0,barbarian,20,armor
hide_armor,0.03636363636363637,0.0,0.0,0.03636363636363637,0.0,barbarian,20,armor
polearm_master,0.709090909090909,0.7,0.0,0.009090909090909092,0.0,paladin,21,feats
alert,0.1,0.0,0.0,0.1,0.0,paladin,21,feats
skilled,0.07272727272727274,0.0,0.0,0.07272727272727274,0.0,paladin,21,feats
healer,0.06363636363636364,0.0,0.0,0.06363636363636364,0.0,paladin,21,feats
savage_attacker,0.06363636363636364,0.0,0.0,0.06363636363636364,0.0,paladin,21,feats
dagger,1.1,1.0,0.0,0.1,0.0,paladin,21,weapons
longsword,1.0241379310344827,1.0,0.0,0.024137931034482762,0.0,paladin,21,weapons
warhammer,1.013793103448276,1.0,0.0,0.013793103448275862,0.0,paladin,21,weapons
handaxe,0.03448275862068966,0.0,0.0,0.03448275862068966,0.0,paladin,21,weapons
longbow,0.027586206896551724,0.0,0.0,0.027586206896551724,0.0,paladin,21,weapons
studded_leather,1.1,1.0,0.0,0.1,0.0,paladin,21,armor
mage_armor,1.0545454545454545,1.0,0.0,0.05454545454545454,0.0,paladin,21,armor
half_plate,1.0454545454545454,1.0,0.0,0.045454545454545456,0.0,paladin,21,armor
leather_armor,1.0454545454545454,1.0,0.0,0.045454545454545456,0.0,paladin,21,armor
hide_armor,1.0363636363636364,1.0,0.0,0.03636363636363637,0.0,paladin,21,armor
skilled,0.7727272727272727,0.7,0.0,0.07272727272727274,0.0,fighter,22,feats
savage_attacker,0.7636363636363636,0.7,0.0,0.06363636363636364,0.0,fighter,22,feats
athlete,0.7454545454545454,0.7,0.0,0.045454545454545456,0.0,fighter,22,feats
war_caster,0.7454545454545454,0.7,0.0,0.045454545454545456,0.0,fighter,22,feats
observant,0.7363636363636363,0.7,0.0,0.03636363636363637,0.0,fighter,22,feats
dagger,1.1,1.0,0.0,0.1,0.0,fighter,22,weapons
dart,1.0172413793103448,1.0,0.0,0.01724137931034483,0.0,fighter,22,weapons
scimitar,1.0172413793103448,1.0,0.0,0.01724137931034483,0.0,fighter,22,weapons
unarmed_strike,1.0103448275862068,1.0,0.0,0.010344827586206896,0.0,fighter,22,weapons
shortbow,1.0103448275862068,1.0,0.0,0.010344827586206896,0.0,fighter,22,weapons
studded_leather,1.1,1.0,0.0,0.1,0.0,fighter,22,armor
plate_armor,1.0636363636363637,1.0,0.0,0.06363636363636364,0.0,fighter,22,armor
mage_armor,1.0545454545454545,1.0,0.0,0.05454545454545454,0.0,fighter,22,armor
leather_armor,1.0454545454545454,1.0,0.0,0.045454545454545456,0.0,fighter,22,armor
hide_armor,1.0363636363636364,1.0,0.0,0.03636363636363637,0.0,fighter,22,armor
savage_attacker,0.7636363636363636,0.7,0.0,0.06363636363636364,0.0,barbarian,23,feats
healer,0.7636363636363636,0.7,0.0,0.06363636363636364,0.0,barbarian,23,feats
mage_slayer,0.7363636363636363,0.7,0.0,0.03636363636363637,0.0,barbarian,23,feats
keen_mind,0.709090909090909,0.7,0.0,0.009090909090909092,0.0,barbarian,23,feats
alert,0.1,0.0,0.0,0.1,0.0,barbarian,23,feats
dagger,1.1,1.0,0.0,0.1,0.0,barbarian,23,weapons
sling,1.0172413793103448,1.0,0.0,0.01724137931034483,0.0,barbarian,23,weapons
light_hammer,1.0103448275862068,1.0,0.0,0.010344827586206896,0.0,barbarian,23,weapons
glaive,1.006896551724138,1.0,0.0,0.006896551724137931,0.0,barbarian,23,weapons
greatsword,1.006896551724138,1.0,0.0,0.006896551724137931,0.0,barbarian,23,weapons
studded_leather,0.1,0.0,0.0,0.1,0.0,barbarian,23,armor
mage_armor,0.05454545454545454,0.0,0.0,0.05454545454545454,0.0,barbarian,23,armor
leather_armor,0.045454545454545456,0.0,0.0,0.045454545454545456,0.0,barbarian,23,armor
scale_mail,0.03636363636363637,0.0,0.0,0.03636363636363637,0.0,barbarian,23,armor
hide_armor,0.03636363636363637,0.0,0.0,0.03636363636363637,0.0,barbarian,23,armor
alert,0.1,0.0,0.0,0.1,0.0,rogue,24,feats
skilled,0.07272727272727274,0.0,0.0,0.07272727272727274,0.0,rogue,24,feats
healer,0.06363636363636364,0.0,0.0,0.06363636363636364,0.0,rogue,24,feats
savage_attacker,0.06363636363636364,0.0,0.0,0.06363636363636364,0.0,rogue,24,feats
great_weapon_master,0.05454545454545454,0.0,0.0,0.05454545454545454,0.0,rogue,24,feats
dagger,1.1,1.0,0.0,0.1,0.0,rogue,24,weapons
longbow,1.0275862068965518,1.0,0.0,0.027586206896551724,0.0,rogue,24,weapons
rapier,1.0241379310344827,1.0,0.0,0.024137931034482762,0.0,rogue,24,weapons
dart,1.0172413793103448,1.0,0.0,0.01724137931034483,0.0,rogue,24,weapons
unarmed_strike,1.0103448275862068,1.0,0.0,0.010344827586206896,0.0,rogue,24,weapons
mage_armor,1.0545454545454545,1.0,0.0,0.05454545454545454,0.0,rogue,24,armor
leather_armor,1.0454545454545454,1.0,0.0,0.045454545454545456,0.0,rogue,24,armor
hide_armor,1.0363636363636364,1.0,0.0,0.03636363636363637,0.0,rogue,24,armor
scale_mail,1.0363636363636364,1.0,0.0,0.03636363636363637,0.0,rogue,24,armor
breastplate,1.0363636363636364,1.0,0.0,0.03636363636363637,0.0,rogue,24,armor
alert,0.7999999999999999,0.7,0.0,0.1,0.0,ranger,25,feats
athlete,0.7454545454545454,0.7,0.0,0.045454545454545456,0.0,ranger,25,feats
observant,0.7363636363636363,0.7,0.0,0.03636363636363637,0.0,ranger,25,feats
charger,0.7272727272727272,0.7,0.0,0.02727272727272727,0.0,ranger,25,feats
durable,0.7272727272727272,0.7,0.0,0.02727272727272727,0.0,ranger,25,feats
dagger,1.1,1.0,0.0,0.1,0.0,ranger,25,weapons
shortsword,1.0275862068965518,1.0,0.0,0.027586206896551724,0.0,ranger,25,weapons
sling,1.0172413793103448,1.0,0.0,0.01724137931034483,0.0,ranger,25,weapons
greatsword,1.006896551724138,1.0,0.0,0.006896551724137931,0.0,ranger,25,weapons
glaive,1.006896551724138,1.0,0.0,0.006896551724137931,0.0,ranger,25,weapons
studded_leather,1.1,1.0,0.0,0.1,0.0,ranger,25,armor
mage_armor,1.0545454545454545,1.0,0.0,0.05454545454545454,0.0,ranger,25,armor
leather_armor,1.0454545454545454,1.0,0.0,0.045454545454545456,0.0,ranger,25,armor
hide_armor,1.0363636363636364,1.0,0.0,0.03636363636363637,0.0,ranger,25,armor
scale_mail,1.0363636363636364,1.0,0.0,0.03636363636363637,0.0,ranger,25,armor
skilled,0.7727272727272727,0.7,0.0,0.07272727272727274,0.0,wizard,26,feats
savage_attacker,0.7636363636363636,0.7,0.0,0.06363636363636364,0.0,wizard,26,feats
sharpshooter,0.7545454545454545,0.7,0.0,0.05454545454545454,0.0,wizard,26,feats
athlete,0.7454545454545454,0.7,0.0,0.045454545454545456,0.0,wizard,26,feats
observant,0.7363636363636363,0.7,0.0,0.03636363636363637,0.0,wizard,26,feats
handaxe,1.0344827586206897,1.0,0.0,0.03448275862068966,0.0,wizard,26,weapons
javelin,1.0275862068965518,1.0,0.0,0.027586206896551724,0.0,wizard,26,weapons
longbow,1.0275862068965518,1.0,0.0,0.027586206896551724,0.0,wizard,26,weapons
rapier,1.0241379310344827,1.0,0.0,0.024137931034482762,0.0,wizard,26,weapons
longsword,1.0241379310344827,1.0,0.0,0.024137931034482762,0.0,wizard,26,weapons
studded_leather,1.1,1.0,0.0,0.1,0.0,wizard,26,armor
mage_armor,1.0545454545454545,1.0,0.0,0.05454545454545454,0.0,wizard,26,armor
leather_armor,1.0454545454545454,1.0,0.0,0.045454545454545456,0.0,wizard,26,armor
hide_armor,1.0363636363636364,1.0,0.0,0.03636363636363637,0.0,wizard,26,armor
scale_mail,1.0363636363636364,1.0,0.0,0.03636363636363637,0.0,wizard,26,armor
alert,0.7999999999999999,0.7,0.0,0.1,0.0,warlock,27,feats
tough,0.7272727272727272,0.7,0.0,0.02727272727272727,0.0,warlock,27,feats
skilled,0.07272727272727274,0.0,0.0,0.07272727272727274,0.0,warlock,27,feats
healer,0.06363636363636364,0.0,0.0,0.06363636363636364,0.0,warlock,27,feats
savage_attacker,0.06363636363636364,0.0,0.0,0.06363636363636364,0.0,warlock,27,feats
handaxe,1.0344827586206897,1.0,0.0,0.03448275862068966,0.0,warlock,27,weapons
javelin,1.0275862068965518,1.0,0.0,0.027586206896551724,0.0,warlock,27,weapons
longbow,1.0275862068965518,1.0,0.0,0.027586206896551724,0.0,warlock,27,weapons
rapier,1.0241379310344827,1.0,0.0,0.024137931034482762,0.0,warlock,27,weapons
longsword,1.0241379310344827,1.0,0.0,0.024137931034482762,0.0,warlock,27,weapons
studded_leather,1.1,1.0,0.0,0.1,0.0,warlock,27,armor
mage_armor,1.0545454545454545,1.0,0.0,0.05454545454545454,0.0,warlock,27,armor
leather_armor,1.0454545454545454,1.0,0.0,0.045454545454545456,0.0,warlock,27,armor
hide_armor,1.0363636363636364,1.0,0.0,0.03636363636363637,0.0,warlock,27,armor
scale_mail,1.0363636363636364,1.0,0.0,0.03636363636363637,0.0,warlock,27,armor
alert,0.7999999999999999,0.7,0.0,0.1,0.0,sorcerer,28,feats
skilled,0.7727272727272727,0.7,0.0,0.07272727272727274,0.0,sorcerer,28,feats
healer,0.7636363636363636,0.7,0.0,0.06363636363636364,0.0,sorcerer,28,feats
savage_attacker,0.7636363636363636,0.7,0.0,0.06363636363636364,0.0,sorcerer,28,feats
inspiring_leader,0.7545454545454545,0.7,0.0,0.05454545454545454,0.0,sorcerer,28,feats
handaxe,1.0344827586206897,1.0,0.0,0.03448275862068966,0.0,sorcerer,28,weapons
javelin,1.0275862068965518,1.0,0.0,0.027586206896551724,0.0,sorcerer,28,weapons
longbow,1.0275862068965518,1.0,0.0,0.027586206896551724,0.0,sorcerer,28,weapons
rapier,1.0241379310344827,1.0,0.0,0.024137931034482762,0.0,sorcerer,28,weapons
longsword,1.0241379310344827,1.0,0.0,0.024137931034482762,0.0,sorcerer,28,weapons
studded_leather,0.1,0.0,0.0,0.1,0.0,sorcerer,28,armor
mage_armor,0.05454545454545454,0.0,0.0,0.05454545454545454,0.0,sorcerer,28,armor
leather_armor,0.045454545454545456,0.0,0.0,0.045454545454545456,0.0,sorcerer,28,armor
scale_mail,0.03636363636363637,0.0,0.0,0.03636363636363637,0.0,sorcerer,28,armor
hide_armor,0.03636363636363637,0.0,0.0,0.03636363636363637,0.0,sorcerer,28,armor
savage_attacker,0.7636363636363636,0.7,0.0,0.06363636363636364,0.0,cleric,29,feats
great_weapon_master,0.7545454545454545,0.7,0.0,0.05454545454545454,0.0,cleric,29,feats
mage_slayer,0.7363636363636363,0.7,0.0,0.03636363636363637,0.0,cleric,29,feats
keen_mind,0.709090909090909,0.7,0.0,0.009090909090909092,0.0,cleric,29,feats
alert,0.1,0.0,0.0,0.1,0.0,cleric,29,feats
dagger,1.1,1.0,0.0,0.1,0.0,cleric,29,weapons
javelin,1.0275862068965518,1.0,0.0,0.027586206896551724,0.0,cleric,29,weapons
light_crossbow,1.0206896551724138,1.0,0.0,0.020689655172413793,0.0,cleric,29,weapons
sun_blade,1.0103448275862068,1.0,0.0,0.010344827586206896,0.0,cleric,29,weapons
scimitar_of_speed,1.0034482758620689,1.0,0.0,0.0034482758620689655,0.0,cleric,29,weapons
studded_leather,1.1,1.0,0.0,0.1,0.0,cleric,29,armor
mage_armor,1.0545454545454545,1.0,0.0,0.05454545454545454,0.0,cleric,29,armor
leather_armor,1.0454545454545454,1.0,0.0,0.045454545454545456,0.0,cleric,29,armor
hide_armor,1.0363636363636364,1.0,0.0,0.03636363636363637,0.0,cleric,29,armor
scale_mail,1.0363636363636364,1.0,0.0,0.03636363636363637,0.0,cleric,29,armor
alert,0.7999999999999999,0.7,0.0,0.1,0.0,druid,30,feats
skilled,0.7727272727272727,0.7,0.0,0.07272727272727274,0.0,druid,30,feats
savage_attacker,0.7636363636363636,0.7,0.0,0.06363636363636364,0.0,druid,30,feats
athlete,0.7454545454545454,0.7,0.0,0.045454545454545456,0.0,druid,30,feats
mage_slayer,0.7363636363636363,0.7,0.0,0.03636363636363637,0.0,druid,30,feats
dagger,1.1,1.0,0.0,0.1,0.0,druid,30,weapons
light_crossbow,1.0206896551724138,1.0,0.0,0.020689655172413793,0.0,druid,30,weapons
sling,1.0172413793103448,1.0,0.0,0.01724137931034483,0.0,druid,30,weapons
dart,1.0172413793103448,1.0,0.0,0.01724137931034483,0.0,druid,30,weapons
unarmed_strike,1.0103448275862068,1.0,0.0,0.010344827586206896,0.0,druid,30,weapons
studded_leather,1.1,1.0,0.0,0.1,0.0,druid,30,armor
mage_armor,1.0545454545454545,1.0,0.0,0.05454545454545454,0.0,druid,30,armor
leather_armor,1.0454545454545454,1.0,0.0,0.045454545454545456,0.0,druid,30,armor
scale_mail,1.0363636363636364,1.0,0.0,0.03636363636363637,0.0,druid,30,armor
breastplate,1.0363636363636364,1.0,0.0,0.03636363636363637,0.0,druid,30,armor
alert,0.7999999999999999,0.7,0.0,0.1,0.0,fighter,31,feats
lucky,0.7272727272727272,0.7,0.0,0.02727272727272727,0.0,fighter,31,feats
skilled,0.07272727272727274,0.0,0.0,0.07272727272727274,0.0,fighter,31,feats
healer,0.06363636363636364,0.0,0.0,0.06363636363636364,0.0,fighter,31,feats
savage_attacker,0.06363636363636364,0.0,0.0,0.06363636363636364,0.0,fighter,31,feats
dagger,1.1,1.0,0.0,0.1,0.0,fighter,31,weapons
dart,1.0172413793103448,1.0,0.0,0.01724137931034483,0.0,fighter,31,weapons
scimitar,1.0172413793103448,1.0,0.0,0.01724137931034483,0.0,fighter,31,weapons
unarmed_strike,1.0103448275862068,1.0,0.0,0.010344827586206896,0.0,fighter,31,weapons
shortbow,1.0103448275862068,1.0,0.0,0.010344827586206896,0.0,fighter,31,weapons
plate_armor,1.0636363636363637,1.0,0.0,0.06363636363636364,0.0,fighter,31,armor
mage_armor,1.0545454545454545,1.0,0.0,0.05454545454545454,0.0,fighter,31,armor
half_plate,1.0454545454545454,1.0,0.0,0.045454545454545456,0.0,fighter,31,armor
leather_armor,1.0454545454545454,1.0,0.0,0.045454545454545456,0.0,fighter,31,armor
hide_armor,1.0363636363636364,1.0,0.0,0.03636363636363637,0.0,fighter,31,armor
savage_attacker,0.7636363636363636,0.7,0.0,0.06363636363636364,0.0,cleric,32,feats
great_weapon_master,0.7545454545454545,0.7,0.0,0.05454545454545454,0.0,cleric,32,feats
mage_slayer,0.7363636363636363,0.7,0.0,0.03636363636363637,0.0,cleric,32,feats
keen_mind,0.709090909090909,0.7,0.0,0.009090909090909092,0.0,cleric,32,feats
alert,0.1,0.0,0.0,0.1,0.0,cleric,32,feats
longsword,1.0241379310344827,1.0,0.0,0.024137931034482762,0.0,cleric,32,weapons
quarterstaff,1.0172413793103448,1.0,0.0,0.01724137931034483,0.0,cleric,32,weapons
warhammer,1.013793103448276,1.0,0.0,0.013793103448275862,0.0,cleric,32,weapons
thunder_gauntlets,1.0034482758620689,1.0,0.0,0.0034482758620689655,0.0,cleric,32,weapons
dagger,0.1,0.0,0.0,0.1,0.0,cleric,32,weapons
studded_leather,1.1,1.0,0.0,0.1,0.0,cleric,32,armor
mage_armor,1.0545454545454545,1.0,0.0,0.05454545454545454,0.0,cleric,32,armor
leather_armor,1.0454545454545454,1.0,0.0,0.045454545454545456,0.0,cleric,32,armor
hide_armor,1.0363636363636364,1.0,0.0,0.03636363636363637,0.0,cleric,32,armor
breastplate,1.0363636363636364,1.0,0.0,0.03636363636363637,0.0,cleric,32,armor
alert,0.7999999999999999,0.7,0.0,0.1,0.0,wizard,33,feats
skilled,0.7727272727272727,0.7,0.0,0.07272727272727274,0.0,wizard,33,feats
healer,0.7636363636363636,0.7,0.0,0.06363636363636364,0.0,wizard,33,feats
savage_attacker,0.7636363636363636,0.7,0.0,0.06363636363636364,0.0,wizard,33,feats
inspiring_leader,0.7545454545454545,0.7,0.0,0.05454545454545454,0.0,wizard,33,feats
handaxe,1.0344827586206897,1.0,0.0,0.03448275862068966,0.0,wizard,33,weapons
javelin,1.0275862068965518,1.0,0.0,0.027586206896551724,0.0,wizard,33,weapons
longbow,1.0275862068965518,1.0,0.0,0.027586206896551724,0.0,wizard,33,weapons
rapier,1.0241379310344827,1.0,0.0,0.024137931034482762,0.0,wizard,33,weapons
longsword,1.0241379310344827,1.0,0.0,0.024137931034482762,0.0,wizard,33,weapons
studded_leather,1.1,1.0,0.0,0.1,0.0,wizard,33,armor
leather_armor,1.0454545454545454,1.0,0.0,0.045454545454545456,0.0,wizard,33,armor
hide_armor,1.0363636363636364,1.0,0.0,0.03636363636363637,0.0,wizard,33,armor
scale_mail,1.0363636363636364,1.0,0.0,0.03636363636363637,0.0,wizard,33,armor
breastplate,1.0363636363636364,1.0,0.0,0.03636363636363637,0.0,wizard,33,armor
skilled,0.7727272727272727,0.7,0.0,0.07272727272727274,0.0,rogue,34,feats
savage_attacker,0.7636363636363636,0.7,0.0,0.06363636363636364,0.0,rogue,34,feats
sharpshooter,0.7545454545454545,0.7,0.0,0.05454545454545454,0.0,rogue,34,feats
athlete,0.7454545454545454,0.7,0.0,0.045454545454545456,0.0,rogue,34,feats
war_caster,0.7454545454545454,0.7,0.0,0.045454545454545456,0.0,rogue,34,feats
handaxe,1.0344827586206897,1.0,0.0,0.03448275862068966,0.0,rogue,34,weapons
javelin,1.0275862068965518,1.0,0.0,0.027586206896551724,0.0,rogue,34,weapons
longbow,1.0275862068965518,1.0,0.0,0.027586206896551724,0.0,rogue,34,weapons
shortsword,1.0275862068965518,1.0,0.0,0.027586206896551724,0.0,rogue,34,weapons
longsword,1.0241379310344827,1.0,0.0,0.024137931034482762,0.0,rogue,34,weapons
mage_armor,1.0545454545454545,1.0,0.0,0.05454545454545454,0.0,rogue,34,armor
leather_armor,1.0454545454545454,1.0,0.0,0.045454545454545456,0.0,rogue,34,armor
hide_armor,1.0363636363636364,1.0,0.0,0.03636363636363637,0.0,rogue,34,armor
scale_mail,1.0363636363636364,1.0,0.0,0.03636363636363637,0.0,rogue,34,armor
breastplate,1.0363636363636364,1.0,0.0,0.03636363636363637,0.0,rogue,34,armor
alert,0.7999999999999999,0.7,0.0,0.1,0.0,paladin,35,feats
war_caster,0.7454545454545454,0.7,0.0,0.045454545454545456,0.0,paladin,35,feats
skilled,0.07272727272727274,0.0,0.0,0.07272727272727274,0.0,paladin,35,feats
healer,0.06363636363636364,0.0,0.0,0.06363636363636364,0.0,paladin,35,feats
savage_attacker,0.06363636363636364,0.0,0.0,0.06363636363636364,0.0,paladin,35,feats
dagger,1.1,1.0,0.0,0.1,0.0,paladin,35,weapons
light_crossbow,1.0206896551724138,1.0,0.0,0.020689655172413793,0.0,paladin,35,weapons
dart,1.0172413793103448,1.0,0.0,0.01724137931034483,0.0,paladin,35,weapons
warhammer,1.013793103448276,1.0,0.0,0.013793103448275862,0.0,paladin,35,weapons
flame_tongue_longsword,1.006896551724138,1.0,0.0,0.006896551724137931,0.0,paladin,35,weapons
studded_leather,1.1,1.0,0.0,0.1,0.0,paladin,35,armor
plate_armor,1.0636363636363637,1.0,0.0,0.06363636363636364,0.0,paladin,35,armor
mage_armor,1.0545454545454545,1.0,0.0,0.05454545454545454,0.0,paladin,35,armor
leather_armor,1.0454545454545454,1.0,0.0,0.045454545454545456,0.0,paladin,35,armor
hide_armor,1.0363636363636364,1.0,0.0,0.03636363636363637,0.0,paladin,35,armor
alert,0.7999999999999999,0.7,0.0,0.1,0.0,monk,36,feats
skilled,0.7727272727272727,0.7,0.0,0.07272727272727274,0.0,monk,36,feats
healer,0.7636363636363636,0.7,0.0,0.06363636363636364,0.0,monk,36,feats
savage_attacker,0.7636363636363636,0.7,0.0,0.06363636363636364,0.0,monk,36,feats
inspiring_leader,0.7545454545454545,0.7,0.0,0.05454545454545454,0.0,monk,36,feats
dagger,1.1,1.0,0.0,0.1,0.0,monk,36,weapons
longbow,1.0275862068965518,1.0,0.0,0.027586206896551724,0.0,monk,36,weapons
longsword,1.0241379310344827,1.0,0.0,0.024137931034482762,0.0,monk,36,weapons
quarterstaff,1.0172413793103448,1.0,0.0,0.01724137931034483,0.0,monk,36,weapons
shortbow,1.0103448275862068,1.0,0.0,0.010344827586206896,0.0,monk,36,weapons
studded_leather,0.1,0.0,0.0,0.1,0.0,monk,36,armor
mage_armor,0.05454545454545454,0.0,0.0,0.05454545454545454,0.0,monk,36,armor
leather_armor,0.045454545454545456,0.0,0.0,0.045454545454545456,0.0,monk,36,armor
scale_mail,0.03636363636363637,0.0,0.0,0.03636363636363637,0.0,monk,36,armor
hide_armor,0.03636363636363637,0.0,0.0,0.03636363636363637,0.0,monk,36,armor
alert,0.7999999999999999,0.7,0.0,0.1,0.0,artificer,37,feats
savage_attacker,0.7636363636363636,0.7,0.0,0.06363636363636364,0.0,artificer,37,feats
mage_slayer,0.7363636363636363,0.7,0.0,0.03636363636363637,0.0,artificer,37,feats
observant,0.7363636363636363,0.7,0.0,0.03636363636363637,0.0,artificer,37,feats
martial_adept,0.7272727272727272,0.7,0.0,0.02727272727272727,0.0,artificer,37,feats
dagger,1.1,1.0,0.0,0.1,0.0,artificer,37,weapons
javelin,1.0275862068965518,1.0,0.0,0.027586206896551724,0.0,artificer,37,weapons
dart,1.0172413793103448,1.0,0.0,0.01724137931034483,0.0,artificer,37,weapons
quarterstaff,1.0172413793103448,1.0,0.0,0.01724137931034483,0.0,artificer,37,weapons
warhammer,1.013793103448276,1.0,0.0,0.013793103448275862,0.0,artificer,37,weapons
studded_leather,1.1,1.0,0.0,0.1,0.0,artificer,37,armor
mage_armor,1.0545454545454545,1.0,0.0,0.05454545454545454,0.0,artificer,37,armor
leather_armor,1.0454545454545454,1.0,0.0,0.045454545454545456,0.0,artificer,37,armor
hide_armor,1.0363636363636364,1.0,0.0,0.03636363636363637,0.0,artificer,37,armor
scale_mail,1.0363636363636364,1.0,0.0,0.03636363636363637,0.0,artificer,37,armor
sentinel,0.7272727272727272,0.7,0.0,0.02727272727272727,0.0,bard,38,feats
alert,0.1,0.0,0.0,0.1,0.0,bard,38,feats
skilled,0.07272727272727274,0.0,0.0,0.07272727272727274,0.0,bard,38,feats
healer,0.06363636363636364,0.0,0.0,0.06363636363636364,0.0,bard,38,feats
savage_attacker,0.06363636363636364,0.0,0.0,0.06363636363636364,0.0,bard,38,feats
handaxe,1.0344827586206897,1.0,0.0,0.03448275862068966,0.0,bard,38,weapons
javelin,1.0275862068965518,1.0,0.0,0.027586206896551724,0.0,bard,38,weapons
longbow,1.0275862068965518,1.0,0.0,0.027586206896551724,0.0,bard,38,weapons
longsword,1.0241379310344827,1.0,0.0,0.024137931034482762,0.0,bard,38,weapons
dart,1.0172413793103448,1.0,0.0,0.01724137931034483,0.0,bard,38,weapons
studded_leather,1.1,1.0,0.0,0.1,0.0,bard,38,armor
mage_armor,1.0545454545454545,1.0,0.0,0.05454545454545454,0.0,bard,38,armor
hide_armor,1.0363636363636364,1.0,0.0,0.03636363636363637,0.0,bard,38,armor
scale_mail,1.0363636363636364,1.0,0.0,0.03636363636363637,0.0,bard,38,armor
breastplate,1.0363636363636364,1.0,0.0,0.03636363636363637,0.0,bard,38,armor
savage_attacker,0.7636363636363636,0.7,0.0,0.06363636363636364,0.0,,39,feats
healer,0.7636363636363636,0.7,0.0,0.06363636363636364,0.0,,39,feats
mage_slayer,0.7363636363636363,0.7,0.0,0.03636363636363637,0.0,,39,feats
keen_mind,0.709090909090909,0.7,0.0,0.009090909090909092,0.0,,39,feats
alert,0.1,0.0,0.0,0.1,0.0,,39,feats
dagger,1.1,1.0,0.0,0.1,0.0,,39,weapons
sling,1.0172413793103448,1.0,0.0,0.01724137931034483,0.0,,39,weapons
light_hammer,1.0103448275862068,1.0,0.0,0.010344827586206896,0.0,,39,weapons
glaive,1.006896551724138,1.0,0.0,0.006896551724137931,0.0,,39,weapons
greatsword,1.006896551724138,1.0,0.0,0.006896551724137931,0.0,,39,weapons
studded_leather,1.1,1.0,0.0,0.1,0.0,,39,armor
mage_armor,1.0545454545454545,1.0,0.0,0.05454545454545454,0.0,,39,armor
leather_armor,1.0454545454545454,1.0,0.0,0.045454545454545456,0.0,,39,armor
hide_armor,1.0363636363636364,1.0,0.0,0.03636363636363637,0.0,,39,armor
scale_mail,1.0363636363636364,1.0,0.0,0.03636363636363637,0.0,,39,armor
alert,0.7999999999999999,0.7,0.0,0.1,0.0,,40,feats
skilled,0.7727272727272727,0.7,0.0,0.07272727272727274,0.0,,40,feats
healer,0.7636363636363636,0.7,0.0,0.06363636363636364,0.0,,40,feats
savage_attacker,0.7636363636363636,0.7,0.0,0.06363636363636364,0.0,,40,feats
inspiring_leader,0.7545454545454545,0.7,0.0,0.05454545454545454,0.0,,40,feats
dagger,1.1,1.0,0.0,0.1,0.0,,40,weapons
handaxe,1.0344827586206897,1.0,0.0,0.03448275862068966,0.0,,40,weapons
light_crossbow,1.0206896551724138,1.0,0.0,0.020689655172413793,0.0,,40,weapons
scimitar,1.0172413793103448,1.0,0.0,0.01724137931034483,0.0,,40,weapons
dart,1.0172413793103448,1.0,0.0,0.01724137931034483,0.0,,40,weapons
studded_leather,1.1,1.0,0.0,0.1,0.0,,40,armor
mage_armor,1.0545454545454545,1.0,0.0,0.05454545454545454,0.0,,40,armor
leather_armor,1.0454545454545454,1.0,0.0,0.045454545454545456,0.0,,40,armor
scale_mail,1.0363636363636364,1.0,0.0,0.03636363636363637,0.0,,40,armor
breastplate,1.0363636363636364,1.0,0.0,0.03636363636363637,0.0,,40,armor
alert,0.7999999999999999,0.7,0.0,0.1,0.0,wizard,41,feats
war_caster,0.7454545454545454,0.7,0.0,0.045454545454545456,0.0,wizard,41,feats
skilled,0.07272727272727274,0.0,0.0,0.07272727272727274,0.0,wizard,41,feats
healer,0.06363636363636364,0.0,0.0,0.06363636363636364,0.0,wizard,41,feats
savage_attacker,0.06363636363636364,0.0,0.0,0.06363636363636364,0.0,wizard,41,feats
handaxe,1.0344827586206897,1.0,0.0,0.03448275862068966,0.0,wizard,41,weapons
javelin,1.0275862068965518,1.0,0.0,0.027586206896551724,0.0,wizard,41,weapons
longbow,1.0275862068965518,1.0,0.0,0.027586206896551724,0.0,wizard,41,weapons
rapier,1.0241379310344827,1.0,0.0,0.024137931034482762,0.0,wizard,41,weapons
longsword,1.0241379310344827,1.0,0.0,0.024137931034482762,0.0,wizard,41,weapons
studded_leather,1.1,1.0,0.0,0.1,0.0,wizard,41,armor
leather_armor,1.0454545454545454,1.0,0.0,0.045454545454545456,0.0,wizard,41,armor
hide_armor,1.0363636363636364,1.0,0.0,0.03636363636363637,0.0,wizard,41,armor
scale_mail,1.0363636363636364,1.0,0.0,0.03636363636363637,0.0,wizard,41,armor
breastplate,1.0363636363636364,1.0,0.0,0.03636363636363637,0.0,wizard,41,armor
inspiring_leader,0.7545454545454545,0.7,0.0,0.05454545454545454,0.0,fighter,42,feats
alert,0.1,0.0,0.0,0.1,0.0,fighter,42,feats
skilled,0.07272727272727274,0.0,0.0,0.07272727272727274,0.0,fighter,42,feats
healer,0.06363636363636364,0.0,0.0,0.06363636363636364,0.0,fighter,42,feats
savage_attacker,0.06363636363636364,0.0,0.0,0.06363636363636364,0.0,fighter,42,feats
dagger,1.1,1.0,0.0,0.1,0.0,fighter,42,weapons
handaxe,1.0344827586206897,1.0,0.0,0.03448275862068966,0.0,fighter,42,weapons
sling,1.0172413793103448,1.0,0.0,0.01724137931034483,0.0,fighter,42,weapons
staff_of_charming,1.006896551724138,1.0,0.0,0.006896551724137931,0.0,fighter,42,weapons
longbow,0.027586206896551724,0.0,0.0,0.027586206896551724,0.0,fighter,42,weapons
studded_leather,1.1,1.0,0.0,0.1,0.0,fighter,42,armor
plate_armor,1.0636363636363637,1.0,0.0,0.06363636363636364,0.0,fighter,42,armor
mage_armor,1.0545454545454545,1.0,0.0,0.05454545454545454,0.0,fighter,42,armor
half_plate,1.0454545454545454,1.0,0.0,0.045454545454545456,0.0,fighter,42,armor
leather_armor,1.0454545454545454,1.0,0.0,0.045454545454545456,0.0,fighter,42,armor
alert,0.7999999999999999,0.7,0.0,0.1,0.0,cleric,43,feats
tough,0.7272727272727272,0.7,0.0,0.02727272727272727,0.0,cleric,43,feats
skilled,0.07272727272727274,0.0,0.0,0.07272727272727274,0.0,cleric,43,feats
healer,0.06363636363636364,0.0,0.0,0.06363636363636364,0.0,cleric,43,feats
savage_attacker,0.06363636363636364,0.0,0.0,0.06363636363636364,0.0,cleric,43,feats
dagger,1.1,1.0,0.0,0.1,0.0,cleric,43,weapons
longsword,1.0241379310344827,1.0,0.0,0.024137931034482762,0.0,cleric,43,weapons
light_crossbow,1.0206896551724138,1.0,0.0,0.020689655172413793,0.0,cleric,43,weapons
crossbow_light,1.0172413793103448,1.0,0.0,0.01724137931034483,0.0,cleric,43,weapons
flame_tongue_longsword,1.006896551724138,1.0,0.0,0.006896551724137931,0.0,cleric,43,weapons
studded_leather,1.1,1.0,0.0,0.1,0.0,cleric,43,armor
mage_armor,1.0545454545454545,1.0,0.0,0.05454545454545454,0.0,cleric,43,armor
leather_armor,1.0454545454545454,1.0,0.0,0.045454545454545456,0.0,cleric,43,armor
hide_armor,1.0363636363636364,1.0,0.0,0.03636363636363637,0.0,cleric,43,armor
breastplate,1.0363636363636364,1.0,0.0,0.03636363636363637,0.0,cleric,43,armor
alert,0.7999999999999999,0.7,0.0,0.1,0.0,wizard,44,feats
skilled,0.7727272727272727,0.7,0.0,0.07272727272727274,0.0,wizard,44,feats
healer,0.7636363636363636,0.7,0.0,0.06363636363636364,0.0,wizard,44,feats
savage_attacker,0.7636363636363636,0.7,0.0,0.06363636363636364,0.0,wizard,44,feats
inspiring_leader,0.7545454545454545,0.7,0.0,0.05454545454545454,0.0,wizard,44,feats
handaxe,1.0344827586206897,1.0,0.0,0.03448275862068966,0.0,wizard,44,weapons
javelin,1.0275862068965518,1.0,0.0,0.027586206896551724,0.0,wizard,44,weapons
longbow,1.0275862068965518,1.0,0.0,0.027586206896551724,0.0,wizard,44,weapons
longsword,1.0241379310344827,1.0,0.0,0.024137931034482762,0.0,wizard,44,weapons
dart,1.0172413793103448,1.0,0.0,0.01724137931034483,0.0,wizard,44,weapons
studded_leather,1.1,1.0,0.0,0.1,0.0,wizard,44,armor
leather_armor,1.0454545454545454,1.0,0.0,0.045454545454545456,0.0,wizard,44,armor
hide_armor,1.0363636363636364,1.0,0.0,0.03636363636363637,0.0,wizard,44,armor
scale_mail,1.0363636363636364,1.0,0.0,0.03636363636363637,0.0,wizard,44,armor
breastplate,1.0363636363636364,1.0,0.0,0.03636363636363637,0.0,wizard,44,armor
alert,0.7999999999999999,0.7,0.0,0.1,0.0,fighter,45,feats
skilled,0.7727272727272727,0.7,0.0,0.07272727272727274,0.0,fighter,45,feats
healer,0.7636363636363636,0.7,0.0,0.06363636363636364,0.0,fighter,45,feats
savage_attacker,0.7636363636363636,0.7,0.0,0.06363636363636364,0.0,fighter,45,feats
inspiring_leader,0.7545454545454545,0.7,0.0,0.05454545454545454,0.0,fighter,45,feats
dagger,1.1,1.0,0.0,0.1,0.0,fighter,45,weapons
javelin,1.0275862068965518,1.0,0.0,0.027586206896551724,0.0,fighter,45,weapons
dart,1.0172413793103448,1.0,0.0,0.01724137931034483,0.0,fighter,45,weapons
quarterstaff,1.0172413793103448,1.0,0.0,0.01724137931034483,0.0,fighter,45,weapons
warhammer,1.013793103448276,1.0,0.0,0.013793103448275862,0.0,fighter,45,weapons
studded_leather,1.1,1.0,0.0,0.1,0.0,fighter,45,armor
plate_armor,1.0636363636363637,1.0,0.0,0.06363636363636364,0.0,fighter,45,armor
mage_armor,1.0545454545454545,1.0,0.0,0.05454545454545454,0.0,fighter,45,armor
half_plate,1.0454545454545454,1.0,0.0,0.045454545454545456,0.0,fighter,45,armor
leather_armor,1.0454545454545454,1.0,0.0,0.045454545454545456,0.0,fighter,45,armor
alert,0.7999999999999999,0.7,0.0,0.1,0.0,rogue,46,feats
sharpshooter,0.7545454545454545,0.7,0.0,0.05454545454545454,0.0,rogue,46,feats
skilled,0.07272727272727274,0.0,0.0,0.07272727272727274,0.0,rogue,46,feats
healer,0.06363636363636364,0.0,0.0,0.06363636363636364,0.0,rogue,46,feats
savage_attacker,0.06363636363636364,0.0,0.0,0.06363636363636364,0.0,rogue,46,feats
dagger,1.1,1.0,0.0,0.1,0.0,rogue,46,weapons
shortsword,1.0275862068965518,1.0,0.0,0.027586206896551724,0.0,rogue,46,weapons
dragon_slayer,1.0103448275862068,1.0,0.0,0.010344827586206896,0.0,rogue,46,weapons
sun_blade,1.0103448275862068,1.0,0.0,0.010344827586206896,0.0,rogue,46,weapons
hand_crossbow,1.0034482758620689,1.0,0.0,0.0034482758620689655,0.0,rogue,46,weapons
mage_armor,1.0545454545454545,1.0,0.0,0.05454545454545454,0.0,rogue,46,armor
leather_armor,1.0454545454545454,1.0,0.0,0.045454545454545456,0.0,rogue,46,armor
hide_armor,1.0363636363636364,1.0,0.0,0.03636363636363637,0.0,rogue,46,armor
scale_mail,1.0363636363636364,1.0,0.0,0.03636363636363637,0.0,rogue,46,armor
breastplate,1.0363636363636364,1.0,0.0,0.03636363636363637,0.0,rogue,46,armor
savage_attacker,0.7636363636363636,0.7,0.0,0.06363636363636364,0.0,fighter,47,feats
healer,0.7636363636363636,0.7,0.0,0.06363636363636364,0.0,fighter,47,feats
mage_slayer,0.7363636363636363,0.7,0.0,0.03636363636363637,0.0,fighter,47,feats
keen_mind,0.709090909090909,0.7,0.0,0.009090909090909092,0.0,fighter,47,feats
alert,0.1,0.0,0.0,0.1,0.0,fighter,47,feats
dagger,1.1,1.0,0.0,0.1,0.0,fighter,47,weapons
longbow,1.0275862068965518,1.0,0.0,0.027586206896551724,0.0,fighter,47,weapons
sling,1.0172413793103448,1.0,0.0,0.01724137931034483,0.0,fighter,47,weapons
greataxe,1.013793103448276,1.0,0.0,0.013793103448275862,0.0,fighter,47,weapons
light_hammer,1.0103448275862068,1.0,0.0,0.010344827586206896,0.0,fighter,47,weapons
studded_leather,1.1,1.0,0.0,0.1,0.0,fighter,47,armor
plate_armor,1.0636363636363637,1.0,0.0,0.06363636363636364,0.0,fighter,47,armor
mage_armor,1.0545454545454545,1.0,0.0,0.05454545454545454,0.0,fighter,47,armor
leather_armor,1.0454545454545454,1.0,0.0,0.045454545454545456,0.0,fighter,47,armor
hide_armor,1.0363636363636364,1.0,0.0,0.03636363636363637,0.0,fighter,47,armor
savage_attacker,0.7636363636363636,0.7,0.0,0.06363636363636364,0.0,artificer,48,feats
great_weapon_master,0.7545454545454545,0.7,0.0,0.05454545454545454,0.0,artificer,48,feats
mage_slayer,0.7363636363636363,0.7,0.0,0.03636363636363637,0.0,artificer,48,feats
keen_mind,0.709090909090909,0.7,0.0,0.009090909090909092,0.0,artificer,48,feats
alert,0.1,0.0,0.0,0.1,0.0,artificer,48,feats
dagger,1.1,1.0,0.0,0.1,0.0,artificer,48,weapons
longsword,1.0241379310344827,1.0,0.0,0.024137931034482762,0.0,artificer,48,weapons
sling,1.0172413793103448,1.0,0.0,0.01724137931034483,0.0,artificer,48,weapons
dart,1.0172413793103448,1.0,0.0,0.01724137931034483,0.0,artificer,48,weapons
warhammer,1.013793103448276,1.0,0.0,0.013793103448275862,0.0,artificer,48,weapons
studded_leather,1.1,1.0,0.0,0.1,0.0,artificer,48,armor
mage_armor,1.0545454545454545,1.0,0.0,0.05454545454545454,0.0,artificer,48,armor
leather_armor,1.0454545454545454,1.0,0.0,0.045454545454545456,0.0,artificer,48,armor
hide_armor,1.0363636363636364,1.0,0.0,0.03636363636363637,0.0,artificer,48,armor
breastplate,1.0363636363636364,1.0,0.0,0.03636363636363637,0.0,artificer,48,armor
alert,0.7999999999999999,0.7,0.0,0.1,0.0,druid,49,feats
skilled,0.7727272727272727,0.7,0.0,0.07272727272727274,0.0,druid,49,feats
healer,0.7636363636363636,0.7,0.0,0.06363636363636364,0.0,druid,49,feats
savage_attacker,0.7636363636363636,0.7,0.0,0.06363636363636364,0.0,druid,49,feats
inspiring_leader,0.7545454545454545,0.7,0.0,0.05454545454545454,0.0,druid,49,feats
dagger,1.1,1.0,0.0,0.1,0.0,druid,49,weapons
handaxe,1.0344827586206897,1.0,0.0,0.03448275862068966,0.0,druid,49,weapons
longbow,1.0275862068965518,1.0,0.0,0.027586206896551724,0.0,druid,49,weapons
quarterstaff,1.0172413793103448,1.0,0.0,0.01724137931034483,0.0,druid,49,weapons
light_hammer,1.0103448275862068,1.0,0.0,0.010344827586206896,0.0,druid,49,weapons
studded_leather,1.1,1.0,0.0,0.1,0.0,druid,49,armor
mage_armor,1.0545454545454545,1.0,0.0,0.05454545454545454,0.0,druid,49,armor
leather_armor,1.0454545454545454,1.0,0.0,0.045454545454545456,0.0,druid,49,armor
scale_mail,1.0363636363636364,1.0,0.0,0.03636363636363637,0.0,druid,49,armor
breastplate,1.0363636363636364,1.0,0.0,0.03636363636363637,0.0,druid,49,armor
alert,0.7999999999999999,0.7,0.0,0.1,0.0,ranger,50,feats
lucky,0.7272727272727272,0.7,0.0,0.02727272727272727,0.0,ranger,50,feats
skilled,0.07272727272727274,0.0,0.0,0.07272727272727274,0.0,ranger,50,feats
healer,0.06363636363636364,0.0,0.0,0.06363636363636364,0.0,ranger,50,feats
savage_attacker,0.06363636363636364,0.0,0.0,0.06363636363636364,0.0,ranger,50,feats
dagger,1.1,1.0,0.0,0.1,0.0,ranger,50,weapons
dart,1.0172413793103448,1.0,0.0,0.01724137931034483,0.0,ranger,50,weapons
scimitar,1.0172413793103448,1.0,0.0,0.01724137931034483,0.0,ranger,50,weapons
unarmed_strike,1.0103448275862068,1.0,0.0,0.010344827586206896,0.0,ranger,50,weapons
shortbow,1.0103448275862068,1.0,0.0,0.010344827586206896,0.0,ranger,50,weapons
mage_armor,1.0545454545454545,1.0,0.0,0.05454545454545454,0.0,ranger,50,armor
leather_armor,1.0454545454545454,1.0,0.0,0.045454545454545456,0.0,ranger,50,armor
hide_armor,1.0363636363636364,1.0,0.0,0.03636363636363637,0.0,ranger,50,armor
scale_mail,1.0363636363636364,1.0,0.0,0.03636363636363637,0.0,ranger,50,armor
breastplate,1.0363636363636364,1.0,0.0,0.03636363636363637,0.0,ranger,50,armor
alert,0.7999999999999999,0.7,0.0,0.1,0.0,monk,51,feats
skilled,0.7727272727272727,0.7,0.0,0.07272727272727274,0.0,monk,51,feats
healer,0.7636363636363636,0.7,0.0,0.06363636363636364,0.0,monk,51,feats
savage_attacker,0.7636363636363636,0.7,0.0,0.06363636363636364,0.0,monk,51,feats
inspiring_leader,0.7545454545454545,0.7,0.0,0.05454545454545454,0.0,monk,51,feats
dagger,1.1,1.0,0.0,0.1,0.0,monk,51,weapons
shortsword,1.0275862068965518,1.0,0.0,0.027586206896551724,0.0,monk,51,weapons
longsword,1.0241379310344827,1.0,0.0,0.024137931034482762,0.0,monk,51,weapons
light_crossbow,1.0206896551724138,1.0,0.0,0.020689655172413793,0.0,monk,51,weapons
sling,1.0172413793103448,1.0,0.0,0.01724137931034483,0.0,monk,51,weapons
studded_leather,0.1,0.0,0.0,0.1,0.0,monk,51,armor
mage_armor,0.05454545454545454,0.0,0.0,0.05454545454545454,0.0,monk,51,armor
leather_armor,0.045454545454545456,0.0,0.0,0.045454545454545456,0.0,monk,51,armor
scale_mail,0.03636363636363637,0.0,0.0,0.03636363636363637,0.0,monk,51,armor
hide_armor,0.03636363636363637,0.0,0.0,0.03636363636363637,0.0,monk,51,armor
sentinel,0.7272727272727272,0.7,0.0,0.02727272727272727,0.0,bard,52,feats
alert,0.1,0.0,0.0,0.1,0.0,bard,52,feats
skilled,0.07272727272727274,0.0,0.0,0.07272727272727274,0.0,bard,52,feats
healer,0.06363636363636364,0.0,0.0,0.06363636363636364,0.0,bard,52,feats
savage_attacker,0.06363636363636364,0.0,0.0,0.06363636363636364,0.0,bard,52,feats
handaxe,1.0344827586206897,1.0,0.0,0.03448275862068966,0.0,bard,52,weapons
longbow,1.0275862068965518,1.0,0.0,0.027586206896551724,0.0,bard,52,weapons
javelin,1.0275862068965518,1.0,0.0,0.027586206896551724,0.0,bard,52,weapons
rapier,1.0241379310344827,1.0,0.0,0.024137931034482762,0.0,bard,52,weapons
longsword,1.0241379310344827,1.0,0.0,0.024137931034482762,0.0,bard,52,weapons
mage_armor,1.0545454545454545,1.0,0.0,0.05454545454545454,0.0,bard,52,armor
leather_armor,1.0454545454545454,1.0,0.0,0.045454545454545456,0.0,bard,52,armor
hide_armor,1.0363636363636364,1.0,0.0,0.03636363636363637,0.0,bard,52,armor
scale_mail,1.0363636363636364,1.0,0.0,0.03636363636363637,0.0,bard,52,armor
breastplate,1.0363636363636364,1.0,0.0,0.03636363636363637,0.0,bard,52,armor
savage_attacker,0.7636363636363636,0.7,0.0,0.06363636363636364,0.0,fighter,53,feats
healer,0.7636363636363636,0.7,0.0,0.06363636363636364,0.0,fighter,53,feats
mage_slayer,0.7363636363636363,0.7,0.0,0.03636363636363637,0.0,fighter,53,feats
keen_mind,0.709090909090909,0.7,0.0,0.009090909090909092,0.0,fighter,53,feats
alert,0.1,0.0,0.0,0.1,0.0,fighter,53,feats
dagger,1.1,1.0,0.0,0.1,0.0,fighter,53,weapons
handaxe,1.0344827586206897,1.0,0.0,0.03448275862068966,0.0,fighter,53,weapons
shortsword,1.0275862068965518,1.0,0.0,0.027586206896551724,0.0,fighter,53,weapons
scimitar,1.0172413793103448,1.0,0.0,0.01724137931034483,0.0,fighter,53,weapons
glaive,1.006896551724138,1.0,0.0,0.006896551724137931,0.0,fighter,53,weapons
studded_leather,1.1,1.0,0.0,0.1,0.0,fighter,53,armor
plate_armor,1.0636363636363637,1.0,0.0,0.06363636363636364,0.0,fighter,53,armor
mage_armor,1.0545454545454545,1.0,0.0,0.05454545454545454,0.0,fighter,53,armor
leather_armor,1.0454545454545454,1.0,0.0,0.045454545454545456,0.0,fighter,53,armor
hide_armor,1.0363636363636364,1.0,0.0,0.03636363636363637,0.0,fighter,53,armor
alert,0.7999999999999999,0.7,0.0,0.1,0.0,warlock,54,feats
tough,0.7272727272727272,0.7,0.0,0.02727272727272727,0.0,warlock,54,feats
skilled,0.07272727272727274,0.0,0.0,0.07272727272727274,0.0,warlock,54,feats
healer,0.06363636363636364,0.0,0.0,0.06363636363636364,0.0,warlock,54,feats
savage_attacker,0.06363636363636364,0.0,0.0,0.06363636363636364,0.0,warlock,54,feats
handaxe,1.0344827586206897,1.0,0.0,0.03448275862068966,0.0,warlock,54,weapons
javelin,1.0275862068965518,1.0,0.0,0.027586206896551724,0.0,warlock,54,weapons
longbow,1.0275862068965518,1.0,0.0,0.027586206896551724,0.0,warlock,54,weapons
rapier,1.0241379310344827,1.0,0.0,0.024137931034482762,0.0,warlock,54,weapons
light_crossbow,1.0206896551724138,1.0,0.0,0.020689655172413793,0.0,warlock,54,weapons
studded_leather,1.1,1.0,0.0,0.1,0.0,warlock,54,armor
mage_armor,1.0545454545454545,1.0,0.0,0.05454545454545454,0.0,warlock,54,armor
leather_armor,1.0454545454545454,1.0,0.0,0.045454545454545456,0.0,warlock,54,armor
hide_armor,1.0363636363636364,1.0,0.0,0.03636363636363637,0.0,warlock,54,armor
scale_mail,1.0363636363636364,1.0,0.0,0.03636363636363637,0.0,warlock,54,armor
alert,0.7999999999999999,0.7,0.0,0.1,0.0,druid,55,feats
skilled,0.7727272727272727,0.7,0.0,0.07272727272727274,0.0,druid,55,feats
healer,0.7636363636363636,0.7,0.0,0.06363636363636364,0.0,druid,55,feats
savage_attacker,0.7636363636363636,0.7,0.0,0.06363636363636364,0.0,druid,55,feats
inspiring_leader,0.7545454545454545,0.7,0.0,0.05454545454545454,0.0,druid,55,feats
dagger,1.1,1.0,0.0,0.1,0.0,druid,55,weapons
handaxe,1.0344827586206897,1.0,0.0,0.03448275862068966,0.0,druid,55,weapons
longbow,1.0275862068965518,1.0,0.0,0.027586206896551724,0.0,druid,55,weapons
quarterstaff,1.0172413793103448,1.0,0.0,0.01724137931034483,0.0,druid,55,weapons
light_hammer,1.0103448275862068,1.0,0.0,0.010344827586206896,0.0,druid,55,weapons
studded_leather,1.1,1.0,0.0,0.1,0.0,druid,55,armor
mage_armor,1.0545454545454545,1.0,0.0,0.05454545454545454,0.0,druid,55,armor
leather_armor,1.0454545454545454,1.0,0.0,0.045454545454545456,0.0,druid,55,armor
scale_mail,1.0363636363636364,1.0,0.0,0.03636363636363637,0.0,druid,55,armor
breastplate,1.0363636363636364,1.0,0.0,0.03636363636363637,0.0,druid,55,armor
alert,0.7999999999999999,0.7,0.0,0.1,0.0,wizard,56,feats
skilled,0.7727272727272727,0.7,0.0,0.07272727272727274,0.0,wizard,56,feats
healer,0.7636363636363636,0.7,0.0,0.06363636363636364,0.0,wizard,56,feats
savage_attacker,0.7636363636363636,0.7,0.0,0.06363636363636364,0.0,wizard,56,feats
inspiring_leader,0.7545454545454545,0.7,0.0,0.05454545454545454,0.0,wizard,56,feats
handaxe,1.0344827586206897,1.0,0.0,0.03448275862068966,0.0,wizard,56,weapons
javelin,1.0275862068965518,1.0,0.0,0.027586206896551724,0.0,wizard,56,weapons
longbow,1.0275862068965518,1.0,0.0,0.027586206896551724,0.0,wizard,56,weapons
rapier,1.0241379310344827,1.0,0.0,0.024137931034482762,0.0,wizard,56,weapons
longsword,1.0241379310344827,1.0,0.0,0.024137931034482762,0.0,wizard,56,weapons
studded_leather,1.1,1.0,0.0,0.1,0.0,wizard,56,armor
leather_armor,1.0454545454545454,1.0,0.0,0.045454545454545456,0.0,wizard,56,armor
hide_armor,1.0363636363636364,1.0,0.0,0.03636363636363637,0.0,wizard,56,armor
scale_mail,1.0363636363636364,1.0,0.0,0.03636363636363637,0.0,wizard,56,armor
breastplate,1.0363636363636364,1.0,0.0,0.03636363636363637,0.0,wizard,56,armor
alert,0.7999999999999999,0.7,0.0,0.1,0.0,barbarian,57,feats
skilled,0.7727272727272727,0.7,0.0,0.07272727272727274,0.0,barbarian,57,feats
healer,0.7636363636363636,0.7,0.0,0.06363636363636364,0.0,barbarian,57,feats
savage_attacker,0.7636363636363636,0.7,0.0,0.06363636363636364,0.0,barbarian,57,feats
inspiring_leader,0.7545454545454545,0.7,0.0,0.05454545454545454,0.0,barbarian,57,feats
handaxe,1.0344827586206897,1.0,0.0,0.03448275862068966,0.0,barbarian,57,weapons
javelin,1.0275862068965518,1.0,0.0,0.027586206896551724,0.0,barbarian,57,weapons
longbow,1.0275862068965518,1.0,0.0,0.027586206896551724,0.0,barbarian,57,weapons
rapier,1.0241379310344827,1.0,0.0,0.024137931034482762,0.0,barbarian,57,weapons
longsword,1.0241379310344827,1.0,0.0,0.024137931034482762,0.0,barbarian,57,weapons
studded_leather,0.1,0.0,0.0,0.1,0.0,barbarian,57,armor
mage_armor,0.05454545454545454,0.0,0.0,0.05454545454545454,0.0,barbarian,57,armor
leather_armor,0.045454545454545456,0.0,0.0,0.045454545454545456,0.0,barbarian,57,armor
scale_mail,0.03636363636363637,0.0,0.0,0.03636363636363637,0.0,barbarian,57,armor
hide_armor,0.03636363636363637,0.0,0.0,0.03636363636363637,0.0,barbarian,57,armor
alert,0.7999999999999999,0.7,0.0,0.1,0.0,ranger,58,feats
lucky,0.7272727272727272,0.7,0.0,0.02727272727272727,0.0,ranger,58,feats
skilled,0.07272727272727274,0.0,0.0,0.07272727272727274,0.0,ranger,58,feats
healer,0.06363636363636364,0.0,0.0,0.06363636363636364,0.0,ranger,58,feats
savage_attacker,0.06363636363636364,0.0,0.0,0.06363636363636364,0.0,ranger,58,feats
dagger,1.1,1.0,0.0,0.1,0.0,ranger,58,weapons
dart,1.0172413793103448,1.0,0.0,0.01724137931034483,0.0,ranger,58,weapons
scimitar,1.0172413793103448,1.0,0.0,0.01724137931034483,0.0,ranger,58,weapons
unarmed_strike,1.0103448275862068,1.0,0.0,0.010344827586206896,0.0,ranger,58,weapons
shortbow,1.0103448275862068,1.0,0.0,0.010344827586206896,0.0,ranger,58,weapons
mage_armor,1.0545454545454545,1.0,0.0,0.05454545454545454,0.0,ranger,58,armor
leather_armor,1.0454545454545454,1.0,0.0,0.045454545454545456,0.0,ranger,58,armor
hide_armor,1.0363636363636364,1.0,0.0,0.03636363636363637,0.0,ranger,58,armor
scale_mail,1.0363636363636364,1.0,0.0,0.03636363636363637,0.0,ranger,58,armor
breastplate,1.0363636363636364,1.0,0.0,0.03636363636363637,0.0,ranger,58,armor
skilled,0.7727272727272727,0.7,0.0,0.07272727272727274,0.0,monk,59,feats
savage_attacker,0.7636363636363636,0.7,0.0,0.06363636363636364,0.0,monk,59,feats
sharpshooter,0.7545454545454545,0.7,0.0,0.05454545454545454,0.0,monk,59,feats
athlete,0.7454545454545454,0.7,0.0,0.045454545454545456,0.0,monk,59,feats
war_caster,0.7454545454545454,0.7,0.0,0.045454545454545456,0.0,monk,59,feats
dagger,1.1,1.0,0.0,0.1,0.0,monk,59,weapons
longbow,1.0275862068965518,1.0,0.0,0.027586206896551724,0.0,monk,59,weapons
longsword,1.0241379310344827,1.0,0.0,0.024137931034482762,0.0,monk,59,weapons
quarterstaff,1.0172413793103448,1.0,0.0,0.01724137931034483,0.0,monk,59,weapons
unarmed_strike,1.0103448275862068,1.0,0.0,0.010344827586206896,0.0,monk,59,weapons
studded_leather,0.1,0.0,0.0,0.1,0.0,monk,59,armor
mage_armor,0.05454545454545454,0.0,0.0,0.05454545454545454,0.0,monk,59,armor
leather_armor,0.045454545454545456,0.0,0.0,0.045454545454545456,0.0,monk,59,armor
scale_mail,0.03636363636363637,0.0,0.0,0.03636363636363637,0.0,monk,59,armor
hide_armor,0.03636363636363637,0.0,0.0,0.03636363636363637,0.0,monk,59,armor
sentinel,0.7272727272727272,0.7,0.0,0.02727272727272727,0.0,paladin,60,feats
alert,0.1,0.0,0.0,0.1,0.0,paladin,60,feats
skilled,0.07272727272727274,0.0,0.0,0.07272727272727274,0.0,paladin,60,feats
healer,0.06363636363636364,0.0,0.0,0.06363636363636364,0.0,paladin,60,feats
savage_attacker,0.06363636363636364,0.0,0.0,0.06363636363636364,0.0,paladin,60,feats
dagger,1.1,1.0,0.0,0.1,0.0,paladin,60,weapons
light_crossbow,1.0206896551724138,1.0,0.0,0.020689655172413793,0.0,paladin,60,weapons
dart,1.0172413793103448,1.0,0.0,0.01724137931034483,0.0,paladin,60,weapons
warhammer,1.013793103448276,1.0,0.0,0.013793103448275862,0.0,paladin,60,weapons
flame_tongue_longsword,1.006896551724138,1.0,0.0,0.006896551724137931,0.0,paladin,60,weapons
studded_leather,1.1,1.0,0.0,0.1,0.0,paladin,60,armor
mage_armor,1.0545454545454545,1.0,0.0,0.05454545454545454,0.0,paladin,60,armor
half_plate,1.0454545454545454,1.0,0.0,0.045454545454545456,0.0,paladin,60,armor
leather_armor,1.0454545454545454,1.0,0.0,0.045454545454545456,0.0,paladin,60,armor
hide_armor,1.0363636363636364,1.0,0.0,0.03636363636363637,0.0,paladin,60,armor
alert,0.7999999999999999,0.7,0.0,0.1,0.0,bard,61,feats
skilled,0.7727272727272727,0.7,0.0,0.07272727272727274,0.0,bard,61,feats
savage_attacker,0.7636363636363636,0.7,0.0,0.06363636363636364,0.0,bard,61,feats
athlete,0.7454545454545454,0.7,0.0,0.045454545454545456,0.0,bard,61,feats
mage_slayer,0.7363636363636363,0.7,0.0,0.03636363636363637,0.0,bard,61,feats
handaxe,1.0344827586206897,1.0,0.0,0.03448275862068966,0.0,bard,61,weapons
javelin,1.0275862068965518,1.0,0.0,0.027586206896551724,0.0,bard,61,weapons
longbow,1.0275862068965518,1.0,0.0,0.027586206896551724,0.0,bard,61,weapons
longsword,1.0241379310344827,1.0,0.0,0.024137931034482762,0.0,bard,61,weapons
dart,1.0172413793103448,1.0,0.0,0.01724137931034483,0.0,bard,61,weapons
mage_armor,1.0545454545454545,1.0,0.0,0.05454545454545454,0.0,bard,61,armor
leather_armor,1.0454545454545454,1.0,0.0,0.045454545454545456,0.0,bard,61,armor
hide_armor,1.0363636363636364,1.0,0.0,0.03636363636363637,0.0,bard,61,armor
scale_mail,1.0363636363636364,1.0,0.0,0.03636363636363637,0.0,bard,61,armor
breastplate,1.0363636363636364,1.0,0.0,0.03636363636363637,0.0,bard,61,armor
alert,0.7999999999999999,0.7,0.0,0.1,0.0,,62,feats
savage_attacker,0.7636363636363636,0.7,0.0,0.06363636363636364,0.0,,62,feats
mage_slayer,0.7363636363636363,0.7,0.0,0.03636363636363637,0.0,,62,feats
observant,0.7363636363636363,0.7,0.0,0.03636363636363637,0.0,,62,feats
martial_adept,0.7272727272727272,0.7,0.0,0.02727272727272727,0.0,,62,feats
longsword,1.0241379310344827,1.0,0.0,0.024137931034482762,0.0,,62,weapons
quarterstaff,1.0172413793103448,1.0,0.0,0.01724137931034483,0.0,,62,weapons
warhammer,1.013793103448276,1.0,0.0,0.013793103448275862,0.0,,62,weapons
mace,1.0103448275862068,1.0,0.0,0.010344827586206896,0.0,,62,weapons
dagger,0.1,0.0,0.0,0.1,0.0,,62,weapons
studded_leather,1.1,1.0,0.0,0.1,0.0,,62,armor
mage_armor,1.0545454545454545,1.0,0.0,0.05454545454545454,0.0,,62,armor
leather_armor,1.0454545454545454,1.0,0.0,0.045454545454545456,0.0,,62,armor
hide_armor,1.0363636363636364,1.0,0.0,0.03636363636363637,0.0,,62,armor
scale_mail,1.0363636363636364,1.0,0.0,0.03636363636363637,0.0,,62,armor
alert,0.7999999999999999,0.7,0.0,0.1,0.0,rogue,63,feats
skilled,0.7727272727272727,0.7,0.0,0.07272727272727274,0.0,rogue,63,feats
healer,0.7636363636363636,0.7,0.0,0.06363636363636364,0.0,rogue,63,feats
savage_attacker,0.7636363636363636,0.7,0.0,0.06363636363636364,0.0,rogue,63,feats
inspiring_leader,0.7545454545454545,0.7,0.0,0.05454545454545454,0.0,rogue,63,feats
handaxe,1.0344827586206897,1.0,0.0,0.03448275862068966,0.0,rogue,63,weapons
javelin,1.0275862068965518,1.0,0.0,0.027586206896551724,0.0,rogue,63,weapons
longbow,1.0275862068965518,1.0,0.0,0.027586206896551724,0.0,rogue,63,weapons
longsword,1.0241379310344827,1.0,0.0,0.024137931034482762,0.0,rogue,63,weapons
dart,1.0172413793103448,1.0,0.0,0.01724137931034483,0.0,rogue,63,weapons
mage_armor,1.0545454545454545,1.0,0.0,0.05454545454545454,0.0,rogue,63,armor
leather_armor,1.0454545454545454,1.0,0.0,0.045454545454545456,0.0,rogue,63,armor
hide_armor,1.0363636363636364,1.0,0.0,0.03636363636363637,0.0,rogue,63,armor
scale_mail,1.0363636363636364,1.0,0.0,0.03636363636363637,0.0,rogue,63,armor
breastplate,1.0363636363636364,1.0,0.0,0.03636363636363637,0.0,rogue,63,armor
alert,0.7999999999999999,0.7,0.0,0.1,0.0,wizard,64,feats
skilled,0.7727272727272727,0.7,0.0,0.07272727272727274,0.0,wizard,64,feats
healer,0.7636363636363636,0.7,0.0,0.06363636363636364,0.0,wizard,64,feats
savage_attacker,0.7636363636363636,0.7,0.0,0.06363636363636364,0.0,wizard,64,feats
inspiring_leader,0.7545454545454545,0.7,0.0,0.05454545454545454,0.0,wizard,64,feats
handaxe,1.0344827586206897,1.0,0.0,0.03448275862068966,0.0,wizard,64,weapons
javelin,1.0275862068965518,1.0,0.0,0.027586206896551724,0.0,wizard,64,weapons
longbow,1.0275862068965518,1.0,0.0,0.027586206896551724,0.0,wizard,64,weapons
rapier,1.0241379310344827,1.0,0.0,0.024137931034482762,0.0,wizard,64,weapons
longsword,1.0241379310344827,1.0,0.0,0.024137931034482762,0.0,wizard,64,weapons
studded_leather,1.1,1.0,0.0,0.1,0.0,wizard,64,armor
leather_armor,1.0454545454545454,1.0,0.0,0.045454545454545456,0.0,wizard,64,armor
hide_armor,1.0363636363636364,1.0,0.0,0.03636363636363637,0.0,wizard,64,armor
scale_mail,1.0363636363636364,1.0,0.0,0.03636363636363637,0.0,wizard,64,armor
breastplate,1.0363636363636364,1.0,0.0,0.03636363636363637,0.0,wizard,64,armor
alert,0.7999999999999999,0.7,0.0,0.1,0.0,ranger,65,feats
lucky,0.7272727272727272,0.7,0.0,0.02727272727272727,0.0,ranger,65,feats
skilled,0.07272727272727274,0.0,0.0,0.07272727272727274,0.0,ranger,65,feats
healer,0.06363636363636364,0.0,0.0,0.06363636363636364,0.0,ranger,65,feats
savage_attacker,0.06363636363636364,0.0,0.0,0.06363636363636364,0.0,ranger,65,feats
handaxe,1.0344827586206897,1.0,0.0,0.03448275862068966,0.0,ranger,65,weapons
shortsword,1.0275862068965518,1.0,0.0,0.027586206896551724,0.0,ranger,65,weapons
javelin,1.0275862068965518,1.0,0.0,0.027586206896551724,0.0,ranger,65,weapons
rapier,1.0241379310344827,1.0,0.0,0.024137931034482762,0.0,ranger,65,weapons
longsword,1.0241379310344827,1.0,0.0,0.024137931034482762,0.0,ranger,65,weapons
mage_armor,1.0545454545454545,1.0,0.0,0.05454545454545454,0.0,ranger,65,armor
leather_armor,1.0454545454545454,1.0,0.0,0.045454545454545456,0.0,ranger,65,armor
hide_armor,1.0363636363636364,1.0,0.0,0.03636363636363637,0.0,ranger,65,armor
scale_mail,1.0363636363636364,1.0,0.0,0.03636363636363637,0.0,ranger,65,armor
breastplate,1.0363636363636364,1.0,0.0,0.03636363636363637,0.0,ranger,65,armor
alert,0.7999999999999999,0.7,0.0,0.1,0.0,cleric,66,feats
tough,0.7272727272727272,0.7,0.0,0.02727272727272727,0.0,cleric,66,feats
skilled,0.07272727272727274,0.0,0.0,0.07272727272727274,0.0,cleric,66,feats
healer,0.06363636363636364,0.0,0.0,0.06363636363636364,0.0,cleric,66,feats
savage_attacker,0.06363636363636364,0.0,0.0,0.06363636363636364,0.0,cleric,66,feats
dagger,1.1,1.0,0.0,0.1,0.0,cleric,66,weapons
javelin,1.0275862068965518,1.0,0.0,0.027586206896551724,0.0,cleric,66,weapons
longsword,1.0241379310344827,1.0,0.0,0.024137931034482762,0.0,cleric,66,weapons
crossbow_light,1.0172413793103448,1.0,0.0,0.01724137931034483,0.0,cleric,66,weapons
quarterstaff,1.0172413793103448,1.0,0.0,0.01724137931034483,0.0,cleric,66,weapons
studded_leather,1.1,1.0,0.0,0.1,0.0,cleric,66,armor
mage_armor,1.0545454545454545,1.0,0.0,0.05454545454545454,0.0,cleric,66,armor
leather_armor,1.0454545454545454,1.0,0.0,0.045454545454545456,0.0,cleric,66,armor
hide_armor,1.0363636363636364,1.0,0.0,0.03636363636363637,0.0,cleric,66,armor
breastplate,1.0363636363636364,1.0,0.0,0.03636363636363637,0.0,cleric,66,armor
savage_attacker,0.7636363636363636,0.7,0.0,0.06363636363636364,0.0,monk,67,feats
great_weapon_master,0.7545454545454545,0.7,0.0,0.05454545454545454,0.0,monk,67,feats
mage_slayer,0.7363636363636363,0.7,0.0,0.03636363636363637,0.0,monk,67,feats
keen_mind,0.709090909090909,0.7,0.0,0.009090909090909092,0.0,monk,67,feats
alert,0.1,0.0,0.0,0.1,0.0,monk,67,feats
handaxe,1.0344827586206897,1.0,0.0,0.03448275862068966,0.0,monk,67,weapons
shortsword,1.0275862068965518,1.0,0.0,0.027586206896551724,0.0,monk,67,weapons
javelin,1.0275862068965518,1.0,0.0,0.027586206896551724,0.0,monk,67,weapons
longbow,1.0275862068965518,1.0,0.0,0.027586206896551724,0.0,monk,67,weapons
rapier,1.0241379310344827,1.0,0.0,0.024137931034482762,0.0,monk,67,weapons
studded_leather,0.1,0.0,0.0,0.1,0.0,monk,67,armor
mage_armor,0.05454545454545454,0.0,0.0,0.05454545454545454,0.0,monk,67,armor
leather_armor,0.045454545454545456,0.0,0.0,0.045454545454545456,0.0,monk,67,armor
scale_mail,0.03636363636363637,0.0,0.0,0.03636363636363637,0.0,monk,67,armor
hide_armor,0.03636363636363637,0.0,0.0,0.03636363636363637,0.0,monk,67,armor
alert,0.7999999999999999,0.7,0.0,0.1,0.0,fighter,68,feats
skilled,0.7727272727272727,0.7,0.0,0.07272727272727274,0.0,fighter,68,feats
healer,0.7636363636363636,0.7,0.0,0.06363636363636364,0.0,fighter,68,feats
savage_attacker,0.7636363636363636,0.7,0.0,0.06363636363636364,0.0,fighter,68,feats
inspiring_leader,0.7545454545454545,0.7,0.0,0.05454545454545454,0.0,fighter,68,feats
dagger,1.1,1.0,0.0,0.1,0.0,fighter,68,weapons
light_crossbow,1.0206896551724138,1.0,0.0,0.020689655172413793,0.0,fighter,68,weapons
dart,1.0172413793103448,1.0,0.0,0.01724137931034483,0.0,fighter,68,weapons
warhammer,1.013793103448276,1.0,0.0,0.013793103448275862,0.0,fighter,68,weapons
flame_tongue_longsword,1.006896551724138,1.0,0.0,0.006896551724137931,0.0,fighter,68,weapons
studded_leather,1.1,1.0,0.0,0.1,0.0,fighter,68,armor
mage_armor,1.0545454545454545,1.0,0.0,0.05454545454545454,0.0,fighter,68,armor
half_plate,1.0454545454545454,1.0,0.0,0.045454545454545456,0.0,fighter,68,armor
leather_armor,1.0454545454545454,1.0,0.0,0.045454545454545456,0.0,fighter,68,armor
hide_armor,1.0363636363636364,1.0,0.0,0.03636363636363637,0.0,fighter,68,armor
sentinel,0.7272727272727272,0.7,0.0,0.02727272727272727,0.0,warlock,69,feats
alert,0.1,0.0,0.0,0.1,0.0,warlock,69,feats
skilled,0.07272727272727274,0.0,0.0,0.07272727272727274,0.0,warlock,69,feats
healer,0.06363636363636364,0.0,0.0,0.06363636363636364,0.0,warlock,69,feats
savage_attacker,0.06363636363636364,0.0,0.0,0.06363636363636364,0.0,warlock,69,feats
handaxe,1.0344827586206897,1.0,0.0,0.03448275862068966,0.0,warlock,69,weapons
javelin,1.0275862068965518,1.0,0.0,0.027586206896551724,0.0,warlock,69,weapons
longbow,1.0275862068965518,1.0,0.0,0.027586206896551724,0.0,warlock,69,weapons
rapier,1.0241379310344827,1.0,0.0,0.024137931034482762,0.0,warlock,69,weapons
longsword,1.0241379310344827,1.0,0.0,0.024137931034482762,0.0,warlock,69,weapons
mage_armor,1.0545454545454545,1.0,0.0,0.05454545454545454,0.0,warlock,69,armor
leather_armor,1.0454545454545454,1.0,0.0,0.045454545454545456,0.0,warlock,69,armor
hide_armor,1.0363636363636364,1.0,0.0,0.03636363636363637,0.0,warlock,69,armor
scale_mail,1.0363636363636364,1.0,0.0,0.03636363636363637,0.0,warlock,69,armor
breastplate,1.0363636363636364,1.0,0.0,0.03636363636363637,0.0,warlock,69,armor
alert,0.7999999999999999,0.7,0.0,0.1,0.0,sorcerer,70,feats
skilled,0.7727272727272727,0.7,0.0,0.07272727272727274,0.0,sorcerer,70,feats
healer,0.7636363636363636,0.7,0.0,0.06363636363636364,0.0,sorcerer,70,feats
savage_attacker,0.7636363636363636,0.7,0.0,0.06363636363636364,0.0,sorcerer,70,feats
inspiring_leader,0.7545454545454545,0.7,0.0,0.05454545454545454,0.0,sorcerer,70,feats
handaxe,1.0344827586206897,1.0,0.0,0.03448275862068966,0.0,sorcerer,70,weapons
javelin,1.0275862068965518,1.0,0.0,0.027586206896551724,0.0,sorcerer,70,weapons
longbow,1.0275862068965518,1.0,0.0,0.027586206896551724,0.0,sorcerer,70,weapons
rapier,1.0241379310344827,1.0,0.0,0.024137931034482762,0.0,sorcerer,70,weapons
longsword,1.0241379310344827,1.0,0.0,0.024137931034482762,0.0,sorcerer,70,weapons
studded_leather,1.1,1.0,0.0,0.1,0.0,sorcerer,70,armor
leather_armor,1.0454545454545454,1.0,0.0,0.045454545454545456,0.0,sorcerer,70,armor
hide_armor,1.0363636363636364,1.0,0.0,0.03636363636363637,0.0,sorcerer,70,armor
scale_mail,1.0363636363636364,1.0,0.0,0.03636363636363637,0.0,sorcerer,70,armor
breastplate,1.0363636363636364,1.0,0.0,0.03636363636363637,0.0,sorcerer,70,armor
